ID,Tytuł,URL_obrazka
4233061,Kiła to łaskawy wyrok,https://i1.jbzd.com.pl/contents/2025/09/normal/96tzJDAPyMOTDn3CwzyJle5PwZT3fRt0.jpg
4233060,Ale się wylosowało,https://i1.jbzd.com.pl/contents/2025/09/normal/WpJVsTI5BNMpvG038K45FS1iuEIqDXJD.jpg
4233059,sllec eht ni snaggiN,https://i1.jbzd.com.pl/contents/2025/09/normal/mG7LwKwNsVKGxckWD2yNL7Yqfru3CP5M.jpg
4233058,Trochę pusto na tej nocnej zmianie dzisiaj,https://jbzd.com.pl/images/video-age-0.png
4233057,Ale jak to xD,https://i1.jbzd.com.pl/contents/2025/09/normal/OzYDe7vXB0Ho5wTg1PjfdyEuPpcPqT7s.png
4233056,Dziwne te dzieci...,https://i1.jbzd.com.pl/contents/2025/09/normal/bXijdRZVthNwpF7Z0IryQSiJ8BPHN0Hl.jpg
4233055,"aj aj, to niedobre jest.",https://i1.jbzd.com.pl/contents/2025/09/normal/eDLF9cyOEQUphL3570KHif1u4zedcWe1.jpg
4233054,Segz z guwnotornem,https://i1.jbzd.com.pl/contents/2025/09/normal/16VISWYMuYFQNRSUsZ5LnY2LWviA7FuE.jpg
4233052,w końcu ktoś się odważył brawo - choć podatek i tak śmiesznie niski,https://i1.jbzd.com.pl/contents/2025/09/normal/xP4Qskv8gZUmSGcDzTtSg6LZ4kBBGwGX.png
4233051,Music,https://jbzd.com.pl/images/video-age-18.png
4233050,"Candlemass - Darkness in Paradise (1988, Doom Metal)",
4233049,"Nie powinienem tego wrzucać, ale chuj XD",https://jbzd.com.pl/images/video-age-18.png
4233047,Spongeboba popierdoliło,https://jbzd.com.pl/images/video-age-18.png
4233046,Mmm kolejna śmieciowa informacja w głowie,https://i1.jbzd.com.pl/contents/2025/09/normal/ZyYOdU2NDY5cRfBKcSYghZJH1JcuPOna.jpg
4233045,palestyńska awantura,https://i1.jbzd.com.pl/contents/2025/09/normal/ZkEcdlXGKALvKXbGeg0sejbA4tJN7DaR.jpg
4233044,Stare baby...,https://jbzd.com.pl/images/video-age-18.png
4233043,Dobrze wchodzi ten secik,
4233041,Tak średnio bym powiedzial,https://i1.jbzd.com.pl/contents/2025/09/normal/IAgoRh8FlmN1xvylPG5Hk0nTiwZ0OuvT.jpg
4233040,"pojebane, co to szkoła magów i czarownic?",https://i1.jbzd.com.pl/contents/2025/09/normal/3iDbJpRRW5VaeJHGLIycWOkLpBtvdte5.png
4233038,The only thing they fear...,https://jbzd.com.pl/images/video-age-18.png
4233037,Ja rano przed otwarciem maili z roboty,https://jbzd.com.pl/images/video-age-18.png
4233032,Ruchanie,https://i1.jbzd.com.pl/contents/2025/09/normal/TWtGKoGVQlDuYKvNOnq8D5o1wkgTkaV7.jpg
4233030,Na niewtajemniczonych robi to spore wrażenie,https://i1.jbzd.com.pl/contents/2025/09/normal/wtHwqrHuT3kxwFJqSWTdvUNWb8uCvuIc.jpg
4233029,"Równość, siła i niezależność",https://jbzd.com.pl/images/video-age-18.png
4233027,Aaaa kreskówki,https://jbzd.com.pl/images/video-age-0.png
4233025,Are you  ?,https://jbzd.com.pl/images/video-age-18.png
4233023,Zimmer,
4233022,Dobranoc.,https://jbzd.com.pl/images/video-age-18.png
4233021,Ja pierdole,
4233018,Na dobranoc,https://jbzd.com.pl/images/video-age-0.png
4233015,Peppa,https://jbzd.com.pl/images/video-age-18.png
4233013,Pierogi z ananasem,
4233012,Katolickie edm,
4233009,bydgoszczanie,https://i1.jbzd.com.pl/contents/2025/09/normal/oUo2vJbYu4vU9j0Wya4FiaEMQmXqF6K4.jpg
4233008,POV: Wspomnienie osiedlowych patusów,https://jbzd.com.pl/images/video-age-0.png
4233006,Rare pepe,https://i1.jbzd.com.pl/contents/2025/09/normal/0TKHttHD08b5DXh4LJBpDvuIjAhBCQGu.jpg
4233005,to ty będziesz kosztem do obniżenia,https://i1.jbzd.com.pl/contents/2025/09/normal/U4ojkRWXLwEIGrDIniR2Ui1nGiydhvvG.jpg
4233004,Bingo,https://i1.jbzd.com.pl/contents/2025/09/normal/AH9HVVW2noMYRUB0GohEGo4iri2wx2S8.png
4233003,Co wy się znacie,https://i1.jbzd.com.pl/contents/2025/09/normal/B4mV8MGAVuqwOIKB4b3wjZnk0Ef495HN.jpg
4233002,Gdy stary poczęstował cię kwaśną żelką,https://jbzd.com.pl/images/video-age-18.png
4233001,Kino dzidowe przedstawia,https://i1.jbzd.com.pl/contents/2025/09/normal/SftqaeczrxzLP7SthcWKFExxZ7GP5ASs.jpeg
4232999,Tak było,https://jbzd.com.pl/images/video-age-16.png
4232998,Północ,https://i1.jbzd.com.pl/contents/2025/09/normal/chpzQJIsDTwhgzg93MX36RvDzxSN8czF.jpg
4232997,Musiało być ciepło,https://i1.jbzd.com.pl/contents/2025/09/normal/hNOJ1jdKx9Ox1jY53Kn5G4GAbrwZp1H0.png
4232995,Silniczki odpalać się,https://i1.jbzd.com.pl/contents/2025/09/normal/WMBbYyTSQEvfbdPU5J6ZbvXYKKM8AjOH.png
4232992,Oglądnąłem go sobie dzisiaj kolejny raz...,https://i1.jbzd.com.pl/contents/2025/09/normal/kEBTXGls0uGPAev95l7NlkPzuAc8VmUB.jpg
4232991,jak kto woli,https://i1.jbzd.com.pl/contents/2025/09/normal/g53x5NbpXO9v743b0RG7kHspL06JKUsd.jpg
4232990,Wpuścmy go potem sie sprawdzi kto to,https://i1.jbzd.com.pl/contents/2025/09/normal/7TCeOJB7XT5M5cbKRewiDAd0SKeMe8pm.png
4232989,Włodzimierzu lepiej zadzwonić po Sylwka,https://i1.jbzd.com.pl/contents/2025/09/normal/0Q7IC6rAv1UEfoohGk12yT5cjQYTaNx3.jpeg
4232987,Greta,https://i1.jbzd.com.pl/contents/2025/09/normal/5QZjeaeTTVXxjWW08YLGdDQCsAOO8OqY.jpg
4232986,Czas na diete,https://i1.jbzd.com.pl/contents/2025/09/normal/0WvRzGAIPmDc5rAx5DXqzycjW3TAJQU0.png
4232985,Taki obraz nasz,https://i1.jbzd.com.pl/contents/2025/09/normal/u9zeDr8H2IUte84dtuCGO7ZaDudMX0MG.jpg
4232984,Poszukuje kluczy do SafeClamp od rhino nr 303,https://i1.jbzd.com.pl/contents/2025/09/normal/IS0sPHWsa1vuiMR8IA4sxhn3vUPUYeTK.png
4232983,Klocek,https://i1.jbzd.com.pl/contents/2025/09/normal/GgLt3lXHane0OkCmY5fPuKHQsBiUXSPH.png
4232981,"o bogowie, walka",https://i1.jbzd.com.pl/contents/2025/09/normal/vhgAqbfz2KIGfLCRNTSf15o0yBZGAuAW.png
4232980,Dzeki z ulicy Warszawskiej,https://i1.jbzd.com.pl/contents/2025/09/normal/0umW1xdxAbjBd8uOvUbMHHaPr8akx4Am.png
4232979,Halloween,https://i1.jbzd.com.pl/contents/2025/09/normal/XVdV4fIA5lMOBbzSmWIF8drQR0cmm22X.jpg
4232977,"Kotek miał grzać, ale nic z tego",https://i1.jbzd.com.pl/contents/2025/09/normal/JunKQAnfQSvbvXhu0bIvNvQK71ctGMHM.jpeg
4232976,"Ciekawe, nauczyli ją mówić",https://i1.jbzd.com.pl/contents/2025/09/normal/eCsMcr8RSQxy8yFj1oK1GKklzPhjUsVY.jpg
4232974,Nowoczesne urządzenie,https://i1.jbzd.com.pl/contents/2025/09/normal/UXfvKd6hSiKOKhwKTOoEHmJAVpWNGN9j.jpg
4232972,mmmm moje ulubione,https://i1.jbzd.com.pl/contents/2025/09/normal/5EtMtANnLVAW0rdHDF9Cqyh8YFjgT0Id.jpg
4232971,Mama,https://i1.jbzd.com.pl/contents/2025/09/normal/eNGt8KdvbFpsatS1UFaayUqKyCdiI5jo.png
4232970,Topka,https://i1.jbzd.com.pl/contents/2025/09/normal/IAZrXYedN3sNF6jB6piA0VSQfYdH8tVW.jpg
4232969,"Tak, edytowane i chuj z tego",https://jbzd.com.pl/images/video-age-18.png
4232968,"wszystko fajnie, ale może noc jest na drugiej części dysku",https://i1.jbzd.com.pl/contents/2025/09/normal/NZU39WNFlU2IK9OF63hLE7imVm4emu8Z.png
4232967,"Kiedy Admin ma urodziny, bo znalazłem idealy prezeny",https://i1.jbzd.com.pl/contents/2025/09/normal/FVVfe70xaryM10nvmvNM2CSz0BgjbTox.jpg
4232966,Łutyt Wschodni,
4232963,good old spear WYPIERALAJ,https://i1.jbzd.com.pl/contents/2025/09/normal/H0eTOMQ9WS5JxnZVvHrTS23mleJdDaRh.jpg
4232961,Why you gay?,https://jbzd.com.pl/images/video-age-18.png
4232960,Kto walczył najwięcej,https://i1.jbzd.com.pl/contents/2025/09/normal/saWP66SHc9JlMbaXES1EcqLkbf621Tko.jpg
4232959,Elegancko,https://i1.jbzd.com.pl/contents/2025/09/normal/ssFutpkFmr2v8IC8VLSG1Cyqhyae2ua0.jpg
4232958,Nie ma żadnej różnicy,https://i1.jbzd.com.pl/contents/2025/09/normal/jo8amhi1tgySOUCEqibYuY9MCPNUUHX2.jpg
4232956,cos tam jest,https://i1.jbzd.com.pl/contents/2025/09/normal/Js96Gb3Kwe5X8dCFhYCSOTXa0a70tjyl.png
4232955,"ile jeszcze, tego gówna! HYDRAULIKA!!!",https://i1.jbzd.com.pl/contents/2025/09/normal/uHMjvmyPiCTS7npD1pqWOBt9tKteWBGy.jpg
4232954,Coś poszło nie tak.,https://i1.jbzd.com.pl/contents/2025/09/normal/4UtNRLm24iuJZQmvQRB84oOL3QSsn1DZ.jpg
4232953,Z farcikiem dobrzy ludzie.,https://jbzd.com.pl/images/video-age-0.png
4232952,jakie to prawdziwe,https://i1.jbzd.com.pl/contents/2025/09/normal/ftS3a2Ud5dvhj50yVnlFGh42mge0khQg.jpg
4232950,Życzę im sukcesów w nauce. Oby w końcu udało się zdać.,https://i1.jbzd.com.pl/contents/2025/09/normal/wUPoSyFfMs9WBfflxUnJaVUHXiaC6e07.jpg
4232946,git pozdrawia dobrych chłopaków,https://jbzd.com.pl/images/video-age-18.png
4232945,Ewolucja,https://i1.jbzd.com.pl/contents/2025/09/normal/scaD1TxPXff5HtAirYxYoxZMlrAIHyQ6.png
4232943,N...,https://i1.jbzd.com.pl/contents/2025/09/normal/5K2hoeSC7DdM2gN6VAkqcwTCj1j8vL3Q.jpg
4232942,Smutek,https://jbzd.com.pl/images/video-age-18.png
4232940,Safety,https://i1.jbzd.com.pl/contents/2025/09/normal/FwQJioWhnPhRMeGmsnLJBqPYr8YKbGM3.jpg
4232939,Sztuczka z kijami.,https://jbzd.com.pl/images/video-age-0.png
4232938,Old Spear Classic# Taka sytuacja.,https://i1.jbzd.com.pl/contents/2025/09/normal/ysIvrEXSEgktcSKwcJT9YojfQuCl404w.jpg
4232934,Jebana kurwa świnia: Kartagina. Rezident debil.,https://i1.jbzd.com.pl/contents/2025/09/normal/Dub5kQVxjV5vW7RFVFzZjxmj4pRv5VBI.jpg
4232933,Roboty,https://jbzd.com.pl/images/video-age-0.png
4232931,Generał Goj,https://i1.jbzd.com.pl/contents/2025/09/normal/taWARdV8Qi17yWrMRxXe5dbTyKahcrwo.jpg
4232929,Nice,https://jbzd.com.pl/images/video-age-12.png
4232928,Mudżyn i czlowiek,https://i1.jbzd.com.pl/contents/2025/09/normal/TtXmYFWMdpYCxGxjbrPUBh3ax9QBJr6y.jpg
4232927,tak,https://i1.jbzd.com.pl/contents/2025/09/normal/uSEF9lFkaR7D7OnXdBk8S2Po951adO0o.jpeg
4232926,Samolocik,https://i1.jbzd.com.pl/contents/2025/09/normal/VRJZeaLuDSfhDf1pQHZDvIGpPem5AIwK.png
4232924,Ferrari 250 GTO,
4232923,Kłódka,https://jbzd.com.pl/images/video-age-18.png
4232922,Teraz się zrobiło trudne,https://jbzd.com.pl/images/video-age-12.png
4232921,Łabędz czyli kaczka bojowa,https://i1.jbzd.com.pl/contents/2025/09/normal/VFkfySJGCEuuaWxNIp8cWWVmI9w6FAJL.png
4232920,Cały swiat pomału otwiera oczy,https://i1.jbzd.com.pl/contents/2025/09/normal/9gw3pfJCjKrdOD5Y7IooI3vS9yIFZJ51.jpg
4232919,Moja ulubiona scena ze Spidermana,https://jbzd.com.pl/images/video-age-12.png
4232918,Kuce S03E06 - Sleepless in Ponyville (Napisy PL),
4232917,Dlaczego wymagane?,https://i1.jbzd.com.pl/contents/2025/09/normal/5FbjiWpeIQHxigPl51yEl0CcLOd3U8fJ.jpg
4232915,Wiktoriańsko,https://i1.jbzd.com.pl/contents/2025/09/normal/SjjqHP9HDihWlYSfQ5VNdqZhm3KJ6ICH.jpg
4232914,Kłamstwa nie stwierdzono,https://i1.jbzd.com.pl/contents/2025/09/normal/hhygJEB8WYJmNcTfL2PToh19RrHQVUdT.jpg
4232913,Jest w pytę,https://i1.jbzd.com.pl/contents/2025/09/normal/FoXEYs8oLiiCJGC2Rq8NapXrSpzu7rZ3.jpg
4232912,Elegancko,https://i1.jbzd.com.pl/contents/2025/09/normal/A7u9sPiQyWnUnWl79EAHTeMGaoKdkGFJ.jpg
4232911,Gdyby hollywoodzkie gwiazdki umiały czytać być może coś by drgnęło w ich botoksie,https://i1.jbzd.com.pl/contents/2025/09/normal/6RXRvGtXCfsmEpXsj92eOhq9W4iQRN4R.jpg
4232910,Wszystkie laski biorą zielony,https://i1.jbzd.com.pl/contents/2025/09/normal/AVBh6CfpV144owdBAzZLjnRjoLEg0spc.jpg
4232909,Nie każdy wie,https://i1.jbzd.com.pl/contents/2025/09/normal/Y8c64AWWRZll9aN3J0SdxIdPTIjtYMhR.jpg
4232908,Kiedyś to było,https://i1.jbzd.com.pl/contents/2025/09/normal/DRFfmf95V53imx0XuaPe0eTB3gKGNICN.jpg
4232907,Jak będzie w Amazonie,https://i1.jbzd.com.pl/contents/2025/09/normal/P7CkpDnJsrrjjlXNpEJcaHiysvMmCHUD.jpg
4232906,Profesjonaliści mają standardy,https://i1.jbzd.com.pl/contents/2025/09/normal/CjSbkHEIKWv69RhbIm5gVtsq1fh4qeNz.jpg
4232905,Kątnik domowy większy,https://i1.jbzd.com.pl/contents/2025/09/normal/7uO75U6tU5rMKsMkIYe4VkrGRkVCK6SU.jpg
4232903,Strateg,https://jbzd.com.pl/images/video-age-18.png
4232902,1:1,https://i1.jbzd.com.pl/contents/2025/09/normal/Jwl1dSM8288yYtzalszUPEhpk31m0IMe.jpg
4232901,Fachowiec,https://jbzd.com.pl/images/video-age-18.png
4232899,a to nawet nie szczyt stawek,https://i1.jbzd.com.pl/contents/2025/09/normal/Oj7mei5FbVRqMTgAGLxcCYBDf0yJKoTn.jpg
4232898,Przytulaski,https://i1.jbzd.com.pl/contents/2025/09/normal/pbfFNkm58T5P8m4A7oDj0EzxPhMFOB2Z.png
4232897,Wojny stulejne,https://i1.jbzd.com.pl/contents/2025/09/normal/8QJS8R6aaBr6mWM24CF8m2RCgwdBMHgX.jpg
4232896,Jeb z procy,https://i1.jbzd.com.pl/contents/2025/09/normal/slrBkT7OPA0QkliXHeJrYq8k8hVZjSRe.jpg
4232895,Ała,https://jbzd.com.pl/images/video-age-16.png
4232894,"Naród wspaniały, tylko ludzie chrupki",https://i1.jbzd.com.pl/contents/2025/09/normal/oSzQ9JUzAMgZElomKxeqAUWMXQSBuM9U.jpg
4232893,Niggerian Pie,https://i1.jbzd.com.pl/contents/2025/09/normal/SnisOWeGWT6qHykh0lSsjiIJatU0dOPt.jpg
4232890,Leszke,https://i1.jbzd.com.pl/contents/2025/09/normal/Y8G2eZoLdcTQQGAk7v7d8qUrjwLHjDoK.jpg
4232888,Dla pewności *zablokuj*,https://i1.jbzd.com.pl/contents/2025/09/normal/ab7MOlMSsjZDO4yEJ6JQnadEiaaHlagw.jpg
4232887,Hej kolego? Chcesz premium,https://i1.jbzd.com.pl/contents/2025/09/normal/jXUj67xwJM6BN4fmFwHVsD7Q2r8R84qR.jpg
4232886,Legalizancja marichunaen,https://i1.jbzd.com.pl/contents/2025/09/normal/uKj2Hdy7tvQcIfXdDEShwLA4smI8Szfw.jpg
4232885,KURDE FAJA,https://i1.jbzd.com.pl/contents/2025/09/normal/XyS8LcuSB2ZLZOHuFGWdzOni2so4yIzg.png
4232884,HOP HOP HOP!,https://jbzd.com.pl/images/video-age-18.png
4232883,Zajebiste,https://jbzd.com.pl/images/video-age-18.png
4232882,Władca napalmu,
4232881,Za mało premium na jbzd,https://i1.jbzd.com.pl/contents/2025/09/normal/scRB2MnKsrZp1ry8WmqKASttawiYGF3t.jpg
4232880,Wiesiek Jurek,https://i1.jbzd.com.pl/contents/2025/09/normal/c63X63OLho5IMMwzJFT8S1W7x1rj0QLd.png
4232879,Francuzi w końcu przestali się pierdolić z brudasami z nożem?,https://jbzd.com.pl/images/video-age-18.png
4232878,Nawilża powietrze 9 na 11,https://i1.jbzd.com.pl/contents/2025/09/normal/K3njZTBWERATUJ1uzoeOVOg4ZewHEB1M.jpg
4232877,no i walenie konia,https://i1.jbzd.com.pl/contents/2025/09/normal/FMbTqggJz5XVLV2R8MqoC7dbcyoY0iZp.jpg
4232875,Oglądał bym jak pojebany.,
4232874,ważna wiadomość na dzisiejszy wieczór,https://jbzd.com.pl/images/video-age-18.png
4232871,"No, no! Krzysiek got a point",https://i1.jbzd.com.pl/contents/2025/09/normal/fdZPmj7uHGrHbkjQC6PWz5vhil4Qd1Dc.jpg
4232870,Dzień świra,https://i1.jbzd.com.pl/contents/2025/09/normal/aACsrbaOM2N72hvJAlFCeptvpMlHb0SO.jpg
4232868,Studia,https://i1.jbzd.com.pl/contents/2025/09/normal/jnFRgGOAuLfYxlWO42E5EDalc4GGs7h4.jpg
4232861,Zasady,https://i1.jbzd.com.pl/contents/2025/09/normal/JAAXMfag9e5LodsMXduGcYeVFxqKDu96.jpg
4232859,Alkus szuka rady,
4232857,Następnym razem,https://i1.jbzd.com.pl/contents/2025/09/normal/zqvPRrEd2opFxsNJJksG0EKtX8LBke9Z.jpeg
4232855,Przykład jak kochają i doceniają nas Ukraińcy.,https://i1.jbzd.com.pl/contents/2025/09/normal/147Q1QKjuDncUxkr3wBOo5rXCPpOspDF.jpg
4232854,A jutro do roboty,https://i1.jbzd.com.pl/contents/2025/09/normal/B5uTWUFQePPXCeYqTvkjkFTdmveNZVfM.jpg
4232853,Tyle się dzieje,https://i1.jbzd.com.pl/contents/2025/09/normal/wBPFchw9F7Mj3gJvfWzLS9tplS7yaRxo.png
4232852,Finish him,https://i1.jbzd.com.pl/contents/2025/09/normal/thtVvpYl8Yf5HjHzt1bPFPis8Vc8AjyZ.jpg
4232850,Hmm jak to nazwać,https://i1.jbzd.com.pl/contents/2025/09/normal/TKkA6hCx1BbUAoi523wPpEZuwINX41KC.jpeg
4232848,Uuooo,
4232847,Uświadomienie sobie problemu jest pierwszym krokiem w leczeniu uzależnienia,https://i1.jbzd.com.pl/contents/2025/09/normal/eXTBUXqhWL8RUVZFL06VM0aJRfUyNcoU.png
4232846,praktycznie nie ma ryzyka,
4232845,Trzeba nazywać rzeczy po imieniu,https://i1.jbzd.com.pl/contents/2025/09/normal/ebLpC3iaDqLakQuQzWhefC6gsKjSW4ln.jpg
4232844,Gesslerówa,
4232843,Jeb z kamienia,https://jbzd.com.pl/images/video-age-18.png
4232842,Niebo to zostaw dla lotników,https://i1.jbzd.com.pl/contents/2025/09/normal/TSJXt8V5gTSpQ9vaTbHHdcEV0urnLxwY.jpg
4232838,Taka kolej rzeczy,https://i1.jbzd.com.pl/contents/2025/09/normal/LyXwshs9IcrVmksgfyEc4qSzCecj39pS.jpg
4232837,Licencja na krowę sie zgadza.,https://i1.jbzd.com.pl/contents/2025/09/normal/rBGTvpoKz5rhIGf21duoviJTsuIXl90O.png
4232836,całe 30%,https://i1.jbzd.com.pl/contents/2025/09/normal/Ga7v51cTeDsfoKcqkrUAQljmtIyaMb1x.jpg
4232835,Czy ja słyszałem dyskryminację klasy wyższej ?,https://i1.jbzd.com.pl/contents/2025/09/normal/opB7fk18KxirfWhYlHsOnGpYJ6OwqNFs.jpeg
4232834,Normalnie bliźniacy,https://i1.jbzd.com.pl/contents/2025/09/normal/DfXB1IgUpFk85s37gDIsBvUOZ0JNmeTk.jpeg
4232833,"Kiedy hasło ,,jebać PiS i Konfederację"" bierzesz zbyt dosłownie",https://i1.jbzd.com.pl/contents/2025/09/normal/rY5qXPaeAevS5xYsvzvOYtJ6OMsMb1jh.jpg
4232832,Znajdź 2 różnice,https://i1.jbzd.com.pl/contents/2025/09/normal/HEMdVKrsaDs6EC9eLjRmTqDKFUGTA5oE.jpg
4232831,Ale pięknie wylądował z telemarkiem,
4232830,A po wszystkim robi kanapki z serem i pomidorem,https://jbzd.com.pl/images/video-age-18.png
4232828,tytuł od tyłu to łutyt a ryanair od tyłu,https://i1.jbzd.com.pl/contents/2025/09/normal/Fv0gxV4cSrzfKz8K8pgcpqq3HAyPoaNr.png
4232827,Jeb z opony.,https://jbzd.com.pl/images/video-age-18.png
4232826,Żaden nie powinien,https://i1.jbzd.com.pl/contents/2025/09/normal/vc5HIunHttWfiqdAD8y8IpkmdvTrNDhy.jpg
4232825,Zagadka,https://jbzd.com.pl/images/video-age-0.png
4232824,akcja - reakcja XD,https://i1.jbzd.com.pl/contents/2025/09/normal/8hkZrmq3RuH8J5JHHnTB6hOpOrFszNu4.png
4232820,Złota zasada elektryków,https://i1.jbzd.com.pl/contents/2025/09/normal/qma1BZO4u5Um4vy1QqudxvVuIVSvRq6l.jpeg
4232819,Happy song ^_^,https://jbzd.com.pl/images/video-age-18.png
4232817,Pewnie są ze wsi,https://i1.jbzd.com.pl/contents/2025/09/normal/YCJbjdimc41QRwqnq6J0YpS7hKnkTDUv.jpg
4232816,łutyt,https://i1.jbzd.com.pl/contents/2025/09/normal/u34W7g9XHVU3B3ZnuPk5XdkeDYsOc3h6.png
4232815,Pojawiły się nowe znaki w UK. Choć uważam że lepiej zapobiegać niż leczyć,https://i1.jbzd.com.pl/contents/2025/09/normal/CFk3tZ4qzNlnhjRP9f1PdAwd6MHLXRB0.jpg
4232814,Its future now old man,https://i1.jbzd.com.pl/contents/2025/09/normal/kuCv2ksyOmnMbNCKE4yWv9CJDbOg4F9g.jpeg
4232813,Greta,https://i1.jbzd.com.pl/contents/2025/09/normal/MJhuOOze30E3dmiebIcALagzksmFGFJ5.jpg
4232812,Cytat dnia,https://i1.jbzd.com.pl/contents/2025/09/normal/fRD8u7daPttzoDBmpZ3NLNqmsaw3qie2.jpeg
4232809,I tak od stworzenia świata,https://i1.jbzd.com.pl/contents/2025/09/normal/omeDGoEMHpexr0kbHACNemSzfzm7NHig.jpg
4232807,Same problemy z  Polski jagiellońskiej,https://i1.jbzd.com.pl/contents/2025/09/normal/WlWTpLjjrOGQuNmXSDLYhoGoh5affWTo.jpg
4232806,Gdzie kara śmierci kiedy jest potrzebna?,https://i1.jbzd.com.pl/contents/2025/09/normal/QNwzhkwVmslAlp9gYR003QIJRBC3koqO.png
4232805,Jakim peowcem dzisiaj jesteś?,https://i1.jbzd.com.pl/contents/2025/09/normal/OiUO0OiF26hXCwXxxEXbvPPulI6i0dJh.jpg
4232803,Pojebana jakaś,https://i1.jbzd.com.pl/contents/2025/09/normal/H9nQMQLojjXdPGktSnxumpRzjO9IIIC7.jpeg
4232800,Proziaki,https://i1.jbzd.com.pl/contents/2025/09/normal/SPANRwDo5EQmqipUqrLofVd8j7dGU2Xb.jpg
4232799,miliard w środę miliard w sobotę,https://i1.jbzd.com.pl/contents/2025/09/normal/of7bsxi8NMJvXVhdXYJZWxK9GkXMpYv7.png
4232793,Old Spear Classic# Zabawa w chowanego.,https://i1.jbzd.com.pl/contents/2025/09/normal/8hMx7ThfXbbSXBa7VQzYU7oPGDF01M5E.jpg
4232792,"A taki dobry był, zawsze dzień dobry mówił.",https://jbzd.com.pl/images/video-age-16.png
4232791,Deus vult,https://i1.jbzd.com.pl/contents/2025/09/normal/ELaGSpbcYxTbbB71WgDuZgvWs45KlRzB.jpg
4232790,Trakcja to śmierć! A ty co wybierasz?,https://i1.jbzd.com.pl/contents/2025/09/normal/85SJ2m2THqKU4BRnyZ6Jhz3iG4QvzeT6.jpg
4232789,Pociagi w Bangladeszu,
4232786,Tyle wygrać,https://i1.jbzd.com.pl/contents/2025/09/normal/yYg6HrgGefF4XogfbI2cf08ao0NbOYaE.jpg
4232785,Łutyt,https://i1.jbzd.com.pl/contents/2025/09/normal/Soxj2EMrEOTt83YMLXEACr4Xw1UxMMrg.jpg
4232784,Old Spear Classic# Zatrudnię hejtera. aka Kurłaa kiedyś to były ogłoszenia teraz to nie ma.,https://i1.jbzd.com.pl/contents/2025/09/normal/iVRn1yaUywZ8VQEsvanqV5kH1I4skpPo.jpg
4232780,Elegancka promocja w stonce,
4232779,Dałem z siebie aż 31%,https://i1.jbzd.com.pl/contents/2025/09/normal/3Wf8MWUTj3PCXYKEHD6cWfhkr38toHKA.png
4232778,Greta He-Man Tunberg,https://i1.jbzd.com.pl/contents/2025/09/normal/ukKM5CiiAJJMk0RfgDXQUNI4xNbovdXv.jpg
4232777,Chrobok.,
4232776,Styl życia,https://i1.jbzd.com.pl/contents/2025/09/normal/qKpd4V2oiP406cLTzrTi0k7qOPcdTvc4.jpg
4232775,Statystyka,https://jbzd.com.pl/images/video-age-18.png
4232774,Old Spear Classic# heheszki.,https://i1.jbzd.com.pl/contents/2025/09/normal/HtyyTwijSlH8PFj5jnMFnlV5yMsn0BW3.jpg
4232772,"O ty Damian, pedał jesteś?",https://i1.jbzd.com.pl/contents/2025/09/normal/93woXvTxLQY2UgL1ZXvr70JqCmY1m6eJ.jpeg
4232770,mem,https://i1.jbzd.com.pl/contents/2025/09/normal/kCutvLD7fw0obkfq4OQAD3kdo6zv4lpd.jpg
4232768,"Wszędzie ruskie onuce, eh kurwa",https://jbzd.com.pl/images/video-age-18.png
4232765,Kiedy jest trzęsienie ziemi więc musisz zabrać to co niezbędne,https://jbzd.com.pl/images/video-age-18.png
4232764,Zapraszam https://www.instagram.com/planszowkowe_pogaduchy,https://i1.jbzd.com.pl/contents/2025/09/normal/iko8o1Hrfpv89toDWBztsWKO7MEfp8MY.jpg
4232762,To samo ścierwo,https://i1.jbzd.com.pl/contents/2025/09/normal/WPLLLtOLb62LkJpdKB4qdcgVdEgJVdai.jpg
4232761,"Dobre, pomarańczowe",https://jbzd.com.pl/images/video-age-18.png
4232760,Nie ma to jak weekendowe zawody na szosie.,https://i1.jbzd.com.pl/contents/2025/09/normal/Qe1Z1vi9fxJWyumWlet99DL6jMpZP6fV.jpg
4232759,Mentzen nakręca kolejną wojnę Polaka z Polakiem. Tusk nie wystarcza.,https://i1.jbzd.com.pl/contents/2025/09/normal/97RGUXwmxZaDrIAnbSmm3t2wn6byXK1e.png
4232758,Więzień 2137,https://i1.jbzd.com.pl/contents/2025/09/normal/XDk8YKM90SfdhKgsQBnEcvTOaGP4Xq2w.jpg
4232756,Smród walczy o dominację,https://i1.jbzd.com.pl/contents/2025/09/normal/sqMzJeBaY9QFHZQry0AueCivPN4Q5MuJ.jpg
4232755,Wywiad z tibijczykiem,
4232754,Ej zauważyłem że woda gotuje się tylko na zewnątrz kiełbasy,https://i1.jbzd.com.pl/contents/2025/09/normal/ndmia8QuQR8USjM8kTgnTqV3rkbNJcJR.jpg
4232752,Takie wywiady bym oglądał.,
4232750,Elektryka,https://i1.jbzd.com.pl/contents/2025/09/normal/QTpYHX1ElncnwEmY5HFOuBAOMzn3s1Or.png
4232749,"Dobrze chłopaki robia, dobry przekaz leci",https://jbzd.com.pl/images/video-age-18.png
4232748,Nowe przedszkole w Twojej okolicy,https://i1.jbzd.com.pl/contents/2025/09/normal/UTG3hQhyiKskk3uj9UYzvgcLZREZ7584.png
4232747,To ja wyruchałem wujka,https://jbzd.com.pl/images/video-age-18.png
4232746,Wpisz tytuł,https://i1.jbzd.com.pl/contents/2025/09/normal/qE6RIMwvxgTuzzURnxIeyRb8kbboeZMt.jpg
4232744,Adminowane,https://i1.jbzd.com.pl/contents/2025/09/normal/8EBsxLGVgk87Ueh6N18bOtUXJGYIeaKt.jpeg
4232742,picca na kolacje,https://i1.jbzd.com.pl/contents/2025/09/normal/SqXkbuCImBoI6mSW86ai7k7qDrZWv5t9.jpg
4232741,Nabij faję,https://i1.jbzd.com.pl/contents/2025/09/normal/hDQbDfpB5zTIetrpXQJTI69DocITjI8Y.jpg
4232740,To dzieciaki sluchaja w szkolach,https://jbzd.com.pl/images/video-age-18.png
4232737,Kudo szony,https://jbzd.com.pl/images/video-age-18.png
4232735,Łap plebsie,https://i1.jbzd.com.pl/contents/2025/09/normal/uqvSrcC0K7IwxEK8gGrVPWGRyuKTHdyk.jpg
4232734,Pytanko.,
4232732,Obiad,https://i1.jbzd.com.pl/contents/2025/09/normal/PJs7Abu9dUkNvMIyFQGtVsT4WKhZAK9B.jpg
4232731,Pierwszy kontakt z sexem ;),
4232728,"Kto ma wiedzieć, ten wie",https://i1.jbzd.com.pl/contents/2025/09/normal/E88CObe7iqwreWvw5hMjG5AMN6JVmeyo.jpg
4232727,No nie dogodzisz,https://i1.jbzd.com.pl/contents/2025/09/normal/vZrnvq8sZlJAE4DGnviwsmHoO0jLt6SB.jpg
4232726,Długi,https://i1.jbzd.com.pl/contents/2025/09/normal/xCLlJNTsgECesJZXUx2ZLWemwOzxGzpD.jpg
4232725,41%,https://i1.jbzd.com.pl/contents/2025/09/normal/mAOxodgkMMZKEcY9HFjL4WTFC8Z9wkpV.jpg
4232723,To może się przydać później,
4232721,Tak było,https://i1.jbzd.com.pl/contents/2025/09/normal/sNxFSYjbhaf71siwvY6RgvesaUp8eh9x.jpg
4232717,youtube,
4232713,skill,https://jbzd.com.pl/images/video-age-18.png
4232710,Odświeżam klasyki - reklama Toyoty z 1986,https://jbzd.com.pl/images/video-age-0.png
4232709,Było?,
4232707,Hulajnogi,https://i1.jbzd.com.pl/contents/2025/09/normal/oELab4BQ1MoX4Qh9I7MY8vnFFI5rgv1h.jpg
4232704,IQ poziomu orzeszka wykopków,https://i1.jbzd.com.pl/contents/2025/09/normal/uLqMQl6BxsEzhTfp3K836jKOItXu2R57.jpg
4232703,Haha,https://jbzd.com.pl/images/video-age-18.png
4232702,Spotykanie się z czarnym to oznaka ciężkiego upośledzenia umysłowego.,https://i1.jbzd.com.pl/contents/2025/09/normal/HfZqrB1nQnHySIozCeKQfMe7jPpNirsY.jpg
4232700,Beton,https://i1.jbzd.com.pl/contents/2025/09/normal/aRYUSb4S4GpOsPlTcLBUfWZj8FDdZTko.jpeg
4232699,WNBA,
4232698,Kółka w wózku sklepowym,https://i1.jbzd.com.pl/contents/2025/09/normal/PpCs4FIplvU0fOQih88N2e4T57Ed5vBu.jpg
4232696,Kukurydziany Dziadzia,https://i1.jbzd.com.pl/contents/2025/09/normal/VUeQBAO2VA4z9VYelvI4g39qe5n5wxLt.jpg
4232695,Reklamówka,https://i1.jbzd.com.pl/contents/2025/09/normal/oCjGNGFVn2nYuRMg9pJOe2W8tp0Zk8m0.jpg
4232692,Tytul,https://i1.jbzd.com.pl/contents/2025/09/normal/eyBYBROF7sIHY3namOOxIh1nqKhwJBoz.jpg
4232691,Zawsze może być lepiej,https://i1.jbzd.com.pl/contents/2025/09/normal/YfA7FtIoQICMXzRcDLOJwfp6rJ7D9y1r.jpg
4232688,Potrzymaj mi piwo,https://i1.jbzd.com.pl/contents/2025/09/normal/T2qDht5vZWxPmm7XbUurOHhukZbmpuMz.jpg
4232687,"Pipa, pupa, papa",https://i1.jbzd.com.pl/contents/2025/09/normal/pQAI06HBJowvFm7G8oQ5DqyAkp5RLM8v.jpg
4232684,Cipka,https://i1.jbzd.com.pl/contents/2025/09/normal/t76fg3XepyBqRx7zCKTyTwTTB4NgymaN.jpg
4232681,porażka,https://i1.jbzd.com.pl/contents/2025/09/normal/Ou1Ibpf2sYBneNFvWPOpDTgHm5qk49mt.jpg
4232678,Szlugi,
4232676,Prędko nie wrócą,https://i1.jbzd.com.pl/contents/2025/09/normal/nLpTBU8bcwwv5dqTABmNqGyik67WxtYP.png
4232675,O to proszę nie pytać,https://i1.jbzd.com.pl/contents/2025/09/normal/ONuLGEb4MQ2Ukjw2FREA2ykb7fA7v5wr.jpg
4232674,Kurła,https://i1.jbzd.com.pl/contents/2025/09/normal/2nsf69LrwY3YCGlwm6e7eUoa0V9EdD4u.jpg
4232673,Jazda A2 na zachód od warszafki taka jest,https://i1.jbzd.com.pl/contents/2025/09/normal/OXH5OAfz2laaPAgdry0GngkZi2DK8rrG.jpg
4232669,Make Dzida Great Again,https://i1.jbzd.com.pl/contents/2025/09/normal/ILOrzpbCmHBfsrApQx1ksk9gB6l5UMgR.jpg
4232668,Awantura o teczki,https://jbzd.com.pl/images/video-age-0.png
4232666,Zrobiłeś to.. synu lubieżnicy.. zrobiłeś!,https://i1.jbzd.com.pl/contents/2025/09/normal/I9hFTGU5M8DQnLHnJQhQHZdipp2OjiuB.jpeg
4232665,Make Dzida Great Again,https://i1.jbzd.com.pl/contents/2025/09/normal/bsJD4wsD7aHyWxzb9ZV167xJ0hvYGOlS.png
4232663,Maskotka donut-anus,https://i1.jbzd.com.pl/contents/2025/09/normal/AQezI4uLPIyaqpRCboCXGXxP3smXoUIX.png
4232661,kurde obejrzałby,https://jbzd.com.pl/images/video-age-18.png
4232660,Tranzystory,https://jbzd.com.pl/images/video-age-18.png
4232659,Niesamowita sprawa,https://jbzd.com.pl/images/video-age-18.png
4232656,Ryj jak świnia ma,https://i1.jbzd.com.pl/contents/2025/09/normal/dfIy6vgQ859FPcsBxcTMsfhP4BGTLcx9.jpg
4232652,Tylko szybko Geralt,https://jbzd.com.pl/images/video-age-18.png
4232650,To cwel jeszcze spsikał babcie gazem,https://i1.jbzd.com.pl/contents/2025/09/normal/0dC6EoWdQNr2rjlLrCXdgV2EbBE29Tch.png
4232649,Kolejne ziomeczki na plaży,https://jbzd.com.pl/images/video-age-12.png
4232648,Tlou,https://i1.jbzd.com.pl/contents/2025/09/normal/2YBRVBX47h5QYFpsZciZdmGNQQ2wWunq.jpg
4232647,Gówniak w pracy,https://jbzd.com.pl/images/video-age-12.png
4232646,Też oddaj coś od siebie,https://i1.jbzd.com.pl/contents/2025/09/normal/YCBMAmetfnmE3sirPUg3GFt6uoCTlMcq.jpg
4232645,UK to stan umysłu,https://jbzd.com.pl/images/video-age-12.png
4232644,Koreańskie ubogacenie kulturowe.,https://i1.jbzd.com.pl/contents/2025/09/normal/WMp9nXWUCKHuGZPK1SU7yHpzT0T3x9IP.jpg
4232643,Mój rok,https://i1.jbzd.com.pl/contents/2025/09/normal/Tv7AlBa1G3qyo8Aj4QCR8wgy8Z4OR5R1.png
4232642,Nie da się tego oglądać,https://i1.jbzd.com.pl/contents/2025/09/normal/FDEt5kCMBWgrB9BXulAhOj22yunRcO4M.jpg
4232641,Zombie pająk,https://jbzd.com.pl/images/video-age-12.png
4232640,Edukacja zdrowotna. Tak czy nie?,
4232639,Stop mordowaniu dzieci w Gazie!,https://i1.jbzd.com.pl/contents/2025/09/normal/7xEzKcoyk7bxKA06WDGKTOWSD7aksFEa.jpg
4232637,Nadciąga każąca reka sprawiedliwosci xD,https://i1.jbzd.com.pl/contents/2025/09/normal/VNiCQqgOIKb4t5NJunozCP1tQEsQ5I6L.png
4232636,Wenecją też rządzi Papież,https://i1.jbzd.com.pl/contents/2025/09/normal/EMVFeD3CtTcnzaDKzmm0Wv5Gydbjqn9y.jpg
4232635,Fszczonsajonce,https://i1.jbzd.com.pl/contents/2025/09/normal/Q1u2Lk8VI2TJpcpg62qfJabshJWx9M9l.jpg
4232634,"Dobra robota aktywiści, w końcu obraliście prawidłowy kierunek swoich działań. Nie zatrzymujcie się w tym kierunku <33",https://i1.jbzd.com.pl/contents/2025/09/normal/xOwYokzEQCItODMqFUSKzjFc9SGeFJvK.jpg
4232633,ogarnijcie sie,https://i1.jbzd.com.pl/contents/2025/09/normal/bTcRxSMADIoKAgLyD2zXDbI65Ml6fdMe.jpg
4232629,kacapstwo,https://i1.jbzd.com.pl/contents/2025/09/normal/m17uZx6JJpgq66eiTwQ9aqoETWsyAAf8.jpg
4232628,Jak wyjebać ojca ze wspólnego konta z GPT???,https://i1.jbzd.com.pl/contents/2025/09/normal/QidH7nj15uyh3iKsJGvxT4lTLtFl2WS7.png
4232625,Czasu nie ma.,
4232624,pusin,https://i1.jbzd.com.pl/contents/2025/09/normal/28YSQA70ORSAhvm8szsvovudnLBosTsB.png
4232623,Nienawidzę kolorowych małp!,https://i1.jbzd.com.pl/contents/2025/09/normal/3uDyQnu0Bw74BAXumw3ryexTz5yPHJkt.jpg
4232621,Kiedy pedalarzowanie nie było wystarczająco pedalskie,https://jbzd.com.pl/images/video-age-12.png
4232620,A tobie jak idzie podciąganie na drążku?,https://jbzd.com.pl/images/video-age-12.png
4232619,Małpy,https://jbzd.com.pl/images/video-age-12.png
4232618,Lodowy miecz,https://i1.jbzd.com.pl/contents/2025/09/normal/ZmRhO2CGkG8iM2NdHBpPIPvp1nQwHMPg.jpg
4232617,Taktycznie,https://i1.jbzd.com.pl/contents/2025/09/normal/NkQYuPlFS1YY4NH6CzzQOrQ7Tl8RKhqx.jpg
4232616,Robloxowe problemy,https://i1.jbzd.com.pl/contents/2025/09/normal/9LPj7qKaG7RlXBlFTKGvpihnUjXHmpTP.jpg
4232615,Souliarze,https://i1.jbzd.com.pl/contents/2025/09/normal/A7A59zFxA09Fmsy0QWzWe6AnMwf4DQhO.jpg
4232614,Cycki zrzucone,https://i1.jbzd.com.pl/contents/2025/09/normal/hja4QshtnZ011P5vcQNDpFOtJbcu7YBF.jpg
4232613,Zawsze,https://i1.jbzd.com.pl/contents/2025/09/normal/xkghrONmDElfO5HYjaGuv4THiFt2dtXi.png
4232611,Ekologicznie,https://i1.jbzd.com.pl/contents/2025/09/normal/A5auxnAbv14B36gkyH3HX3CLBA72bYWW.jpeg
4232610,"Może i krótki, ale za to szybki",https://i1.jbzd.com.pl/contents/2025/09/normal/JlIM2J93LlupcgJR1R9INiff2J3o1zoH.png
4232608,Bić kurwy i jeść chrupki,https://i1.jbzd.com.pl/contents/2025/09/normal/YnndJE6U74JnrIgyWvUQ9ILbdx7CIKpv.png
4232607,Wsparcie,https://i1.jbzd.com.pl/contents/2025/09/normal/2v8KEBceVTS0TXuuuW4LzV2Hgn0Cpb53.jfif
4232606,Kocham jak ludzi coś łączy (Polska - 404 koszykówka),https://i1.jbzd.com.pl/contents/2025/09/normal/U5p9aUnYyust0bdYGLAWotfoJLCiIZw8.jpg
4232602,Słonecznik,
4232601,Znowu ktoś zajebał,https://i1.jbzd.com.pl/contents/2025/09/normal/Xei90B6bH4L9rVqoGVu2Y42Bx9bXC8yF.jpg
4232600,Kiedy jesteś nowy w białorycerzowanie.,https://i1.jbzd.com.pl/contents/2025/09/normal/Io7hORi18aX74QkALk9DjrQ1pxrX0dxE.jpg
4232599,"Znany lekarz, hydraulik, ksiądz no i czasem strażak.",https://i1.jbzd.com.pl/contents/2025/09/normal/51J8RjMDQtIAQZ2VuoJPrEQmWb0kqACw.jpg
4232597,Co to portal,https://jbzd.com.pl/images/video-age-18.png
4232596,Jeżeli wciśniesz guzik stracisz wszystko ale dostaniesz fajną czapkę,https://i1.jbzd.com.pl/contents/2025/09/normal/jvH7zCun7SVFmT1jGQBi3CqNXIoELZTn.jpg
4232591,Agama dzidowiec.,https://jbzd.com.pl/images/video-age-0.png
4232588,Tfu,https://i1.jbzd.com.pl/contents/2025/09/normal/XzsMu7yXcR2iztFuLUYC2mL6Rjy0J3CR.jpg
4232586,Miniówka,https://i1.jbzd.com.pl/contents/2025/09/normal/KpOCuviX6i0g8ujn0uXBcmg613oYeiAo.jpg
4232584,Brztytu_u597: pytanie biznesowe,https://i1.jbzd.com.pl/contents/2025/09/normal/sYA6880BT7xG9WiaNS7p4u1uy9g7qnH6.jpg
4232583,Podobno buty spadły,https://jbzd.com.pl/images/video-age-18.png
4232582,Rak prostaty od tytułu,https://i1.jbzd.com.pl/contents/2025/09/normal/u7y6uivOtb5W9mvaB5v7UQN1XDKSmb3i.jpg
4232581,Jebac szkole,https://i1.jbzd.com.pl/contents/2025/09/normal/oMkqAwMY3jVKjkzoQskFIG06dVh9LS9R.png
4232580,Ron po prostu się zapadła wewnętrznie,https://i1.jbzd.com.pl/contents/2025/09/normal/D1jiZiJrggVS87dWRnPy0aFuosdH7iWo.jpg
4232579,Złodzieje xD,https://i1.jbzd.com.pl/contents/2025/09/normal/39i4Eio46VoeVNo5dx6TjHcWPmluKBat.jpg
4232577,Niespodzianka,https://i1.jbzd.com.pl/contents/2025/09/normal/wcN3TevahcrANigkl89ElA0wRXjVGAgf.png
4232576,CHWDż,https://i1.jbzd.com.pl/contents/2025/09/normal/efzkBUzJ4A3DDZA6rppCcEoR1ukuOxdv.jpg
4232575,Tytul,https://i1.jbzd.com.pl/contents/2025/09/normal/79OnqWt5m1yDNX67kQuU2vnF9C8QUcNP.png
4232574,GDZIE TA WOLNOŚĆ SŁOWA,https://i1.jbzd.com.pl/contents/2025/09/normal/ySm7PINt9NN5nRMSHTKydeNSKham3EQp.jpg
4232573,Jebać ukraine,https://i1.jbzd.com.pl/contents/2025/09/normal/pXViMcewCUPuNJvoOrd6plNdZLGLuKwW.jpg
4232572,Lewica: fakty nie pasują do narracji? SĄ NIEPRAWDZIWE!,
4232571,"Co to za państwo, nie znam",https://i1.jbzd.com.pl/contents/2025/09/normal/eRIEpUxEOnmMRV9u29tQDAj7q1ASHqks.jpg
4232570,I cyk 150 milionow sztuka,https://i1.jbzd.com.pl/contents/2025/09/normal/LJ6xLEnIQHO4TlKRMvpHzuzjA20HBXmL.jpg
4232569,Narzędzia dobrej jakości,
4232567,I tak do zajebania,https://i1.jbzd.com.pl/contents/2025/09/normal/VvLOcR2Wv0pSBNAzrKnstNtZSowJ42gc.png
4232565,16-23zł xD wysokie zarobki,https://i1.jbzd.com.pl/contents/2025/09/normal/2lyVBGGAq0wJ3LXODuLh4X21rzgSbE5f.jpg
4232564,Agent specjalny,https://jbzd.com.pl/images/video-age-0.png
4232559,Incepcja.,https://jbzd.com.pl/images/video-age-0.png
4232558,Zwykła noc w Brazylii,https://jbzd.com.pl/images/video-age-16.png
4232557,familioauto,
4232556,"Jan Olszewski, bohater którego każą nam zapomnieć.",
4232555,Tranzystory,https://jbzd.com.pl/images/video-age-18.png
4232553,Shao kot,https://jbzd.com.pl/images/video-age-18.png
4232551,J. Mac czy jakoś tak,https://i1.jbzd.com.pl/contents/2025/09/normal/TTln5vtSTwboeSwzLuMpbdH4AgVDeymE.png
4232550,Benefity w pracy,https://i1.jbzd.com.pl/contents/2025/09/normal/7CkaWw03ULPGEIZMvotfcH6CGkLSqeWj.jpg
4232549,Z rozmachem,https://i1.jbzd.com.pl/contents/2025/09/normal/Fa8cNa7OdMaD4brSj91ZaWLQB66Er8Oj.jpg
4232546,Singielki w twojej okolicy skończyły się xD,https://i1.jbzd.com.pl/contents/2025/09/normal/KtKCzF3RQqb7SS7V61cM9pzv11S6AyBH.png
4232545,The Judest,https://i1.jbzd.com.pl/contents/2025/09/normal/QKM1FbAJkrqqZymAEuukQD4r79xMt6fY.jpg
4232544,Ojciec w sądownictwie,
4232543,Tytul,https://i1.jbzd.com.pl/contents/2025/09/normal/XXqfGIY0zqyRkbFCf0yMPXPetTemj8xM.jpg
4232541,Hæða ecge,https://i1.jbzd.com.pl/contents/2025/09/normal/gZI7onC8XfoGVOahdt0yFoPNRkRNDOWH.png
4232540,Przyszłość jest niebezpieczna,https://jbzd.com.pl/images/video-age-18.png
4232539,Proszę o pomoc szanownych dzidowców,
4232537,Na 30%,https://jbzd.com.pl/images/video-age-16.png
4232535,Tak to widzę,https://i1.jbzd.com.pl/contents/2025/09/normal/19oGGFqupccBPw0aEko1t7BK26Tlgydl.jpg
4232534,Hydrozagadka,https://i1.jbzd.com.pl/contents/2025/09/normal/md0dO8H0F3LdegsCshQcd7HJZlgELcoi.jpg
4232533,"""Wypadek"" generała Pattona",https://i1.jbzd.com.pl/contents/2025/09/normal/Y7o4TDGue7VorIdDlgJ1yuvHgyn3ZhUu.png
4232530,Każdy lubi jebać żydów,https://i1.jbzd.com.pl/contents/2025/09/normal/zKYJsPHMUwah1xaWyCeoCfh9X5Nfw586.jpeg
4232528,Marcin,https://jbzd.com.pl/images/video-age-18.png
4232527,Ehhh..,https://i1.jbzd.com.pl/contents/2025/09/normal/pVMv445Ne3dPdkWfrpVzqdEksuivUyXh.jpeg
4232526,Prawie czysty rasowo,https://i1.jbzd.com.pl/contents/2025/09/normal/S7H9PbUDYDcZWmlYAswPdV3bEIVofsIV.jpg
4232524,Bwuuum,https://i1.jbzd.com.pl/contents/2025/09/normal/a9NHGewPKCQmsNqDQA3xER5agR8Tx8Jd.png
4232523,Cygańskie zabawy,https://jbzd.com.pl/images/video-age-16.png
4232520,a to ciekawe...,https://i1.jbzd.com.pl/contents/2025/09/normal/PYfyf7G0aPu0EU7UjI16QssFPYssTfPN.png
4232517,Grubsza sprawa,https://jbzd.com.pl/images/video-age-16.png
4232516,Mamy dość...,https://i1.jbzd.com.pl/contents/2025/09/normal/giKFqZOdrkoglEtnyBJl0phULwVmM0l9.png
4232515,"Nie ważne czy jesteś biedny czy bogaty, i tak musisz usiąść rano na brzegu łóżka i pomyśleć nad sensem tego wszystkiego",https://i1.jbzd.com.pl/contents/2025/09/normal/6WfjGOIfb33l5Ak7RMTh5nhlGnyX8J5Q.jpg
4232513,Szur i foliarz a obok ator,https://i1.jbzd.com.pl/contents/2025/09/normal/NUPUFvBkQombHVpozezdSDGbRDFx4khQ.jpg
4232512,Kiedy zawodowy sportowiec weźmie udział w gali freak fight.,https://jbzd.com.pl/images/video-age-0.png
4232510,reparacje,https://i1.jbzd.com.pl/contents/2025/09/normal/pHWEE2Mt4cKizRvgA19rYskzJT5n40Xb.jpg
4232508,Baum,https://i1.jbzd.com.pl/contents/2025/09/normal/X7p00lEfsyagNDRrkIbH49MpyzgGWW87.jpg
4232505,Inaczej zapamiętałem tą misję z pociągiem,https://jbzd.com.pl/images/video-age-0.png
4232501,żyd wyssał niechęć do Polaka z chuja ojca,https://i1.jbzd.com.pl/contents/2025/09/normal/CoFBIfC6AHm9rnZiFbjNkiCdJyl992fB.jpg
4232499,Niby najgorszy system a zarazem najlepszy,https://i1.jbzd.com.pl/contents/2025/09/normal/yPY7hjVTHwENihMwSaDmicIqVYcKIpE9.jpg
4232495,Instrukcje były niejasne,https://i1.jbzd.com.pl/contents/2025/09/normal/6lglUnoW5NfZoNb9Gw8UluKk9YIViqAc.jpg
4232494,Przyszywana milosc,https://i1.jbzd.com.pl/contents/2025/09/normal/eVxOoboA4g2ST89JQdb2bT80wDUtCfQ7.jpg
4232491,Big Black Cock,https://i1.jbzd.com.pl/contents/2025/09/normal/Lo4jCTbR5PdGk3WZT2iU4pxJ6XWuds3i.png
4232488,Nie było tematu,https://jbzd.com.pl/images/video-age-18.png
4232487,Dzidowe rozkminy,https://i1.jbzd.com.pl/contents/2025/09/normal/GcPsHa4rh8q6xFEB3bXVGMsCpZ0nlNmZ.jpg
4232486,Cwelik,
4232484,Kiedy przeszedłeś grę łotrem,https://i1.jbzd.com.pl/contents/2025/09/normal/EZGpSgz3OXLTV4uL2EG1kIprZW4P9T2v.jpg
4232482,"Podjebane, bo czemu nie",https://i1.jbzd.com.pl/contents/2025/09/normal/egSYaYEmSnPPhRgl9YydKM8Mi2thFnXQ.jpg
4232479,Jak to się wyciąga?,https://jbzd.com.pl/images/video-age-0.png
4232478,Mocniej mocniej,https://i1.jbzd.com.pl/contents/2025/09/normal/x2dNp0fbbpR20wYNwADNuD2HWPpRXqCM.jpg
4232477,Sorry Dolores,https://i1.jbzd.com.pl/contents/2025/09/normal/ZlOOdB9IAQEg47iqlnoK2FJML0tZGKKb.png
4232476,Its ok to be…,https://i1.jbzd.com.pl/contents/2025/09/normal/EdEPQz0UWFQw7t8jpqZhmqXLthWLlm5V.jpeg
4232470,Łoszukoł mje prywaciarz,https://i1.jbzd.com.pl/contents/2025/09/normal/2JdpQrzTb33c05sQT4AeWVMc8XlW3Dk0.png
4232469,"Andrzej, rozładuj",https://jbzd.com.pl/images/video-age-18.png
4232468,Moja wyobraźnia tego nie ogarnia,https://i1.jbzd.com.pl/contents/2025/09/normal/h7vZJL1Kic5DqCqWSnYvFIxZr9ieItE5.jpeg
4232467,Stary,https://i1.jbzd.com.pl/contents/2025/09/normal/wGPDpPz5LF2r0Sx9SeKduIVBEv9gBucn.png
4232466,卐 卐 卐,https://i1.jbzd.com.pl/contents/2025/09/normal/jYCFNCowhhcoEBJ9srF9399vWbaRoS2J.jpeg
4232464,"a o której będzie się palić styrta, to już w remizie każdy wie",https://i1.jbzd.com.pl/contents/2025/09/normal/rdjpSY1NWwP3qfCqipZtoG2ejdDilcuA.jpg
4232463,Ropa,https://i1.jbzd.com.pl/contents/2025/09/normal/a1xw6dB7HnliSUKwS43Y7oeCylapwZWg.jpg
4232462,Pakernia,https://jbzd.com.pl/images/video-age-0.png
4232460,Mam od ponad 20 lat,https://i1.jbzd.com.pl/contents/2025/09/normal/bI4ONl5MZzaZtyi3lBa8xsSKlrBlar92.jpg
4232459,"Mielone, młode ziemniaczki i mizeria.",https://i1.jbzd.com.pl/contents/2025/09/normal/xVQbfFvf4VQR0NUH7KjEHT8ptsr0L0ar.jpg
4232458,Choroby psychiczne leczyć przymusowo,https://i1.jbzd.com.pl/contents/2025/09/normal/6BP6GBVA1VJwkNDMIpJ8qBnSyIK4XIwg.png
4232456,simpy to cioty,https://i1.jbzd.com.pl/contents/2025/09/normal/SNSbDJeZ33MK8uwFTsox1aqXT8DKc0uw.jpg
4232453,"Szkoda, że nie krwią",https://i1.jbzd.com.pl/contents/2025/09/normal/XT3BJek1EEpWkUBD5hix5d5aScqGSsMQ.jpg
4232452,Dziadek,https://i1.jbzd.com.pl/contents/2025/09/normal/htEYmMCfnxVLbA6HPY7Uf5G13b9oHPRc.jpg
4232451,To nara,https://i1.jbzd.com.pl/contents/2025/09/normal/xzrWiQFRGQizjZaTLs8L8voxM3RizxWV.jpg
4232449,Silna prawica,https://jbzd.com.pl/images/video-age-18.png
4232448,Śmieszki pierdolone,https://i1.jbzd.com.pl/contents/2025/09/normal/0ybWfAX3WIhos5iS1dAjyLl2WF9860wt.png
4232447,Zarząd spółdzielni,https://i1.jbzd.com.pl/contents/2025/09/normal/luRz0Yn9RVMlUvqcLEvCIedsPRx3NJsO.png
4232446,Grzegorz Floryda,https://i1.jbzd.com.pl/contents/2025/09/normal/BZY9HzgprIH7R5R2yGHP2OtFBh9jQVj8.jpg
4232445,Ogarniajcie się złodzieje memów,https://i1.jbzd.com.pl/contents/2025/09/normal/JmBA0kGwYhXImyN2R2NgvhnDg8pWGelV.png
4232444,Ciuchów pilnuj,https://i1.jbzd.com.pl/contents/2025/09/normal/gfvQAN552zHZdlM556XBoZNKcTb92Ll4.jpg
4232443,Astrofotografia - wersja budżetowa,https://i1.jbzd.com.pl/contents/2025/09/normal/fPZRnOGC7yyaf24DNyXieNwLyqlcZANy.jpg
4232442,Orzeł,https://i1.jbzd.com.pl/contents/2025/09/normal/jhu7zMHdJfnpCiVA1LyoQHfQ4gQimazG.jpg
4232440,Jeszcze 5 pompek,https://jbzd.com.pl/images/video-age-0.png
4232439,koła w wózku sklepowym,https://i1.jbzd.com.pl/contents/2025/09/normal/Mp1YKnWybiUSFuCUezF38TVAOZwSgvWC.png
4232436,Plandemia song,https://i1.jbzd.com.pl/contents/2025/09/normal/Dy4B8Lax1fLYrbPm9sgyapn7G9zv7WPJ.png
4232435,Skurwol,https://i1.jbzd.com.pl/contents/2025/09/normal/B3G9Q6cf3zAJiRd04JGcVfJj8VB3zlZD.jpg
4232434,Własne,https://i1.jbzd.com.pl/contents/2025/09/normal/MutrpbPqorBmJKvxaoDuWguJGh8cNp7G.png
4232433,"Zgadza się, zgubiłem",https://i1.jbzd.com.pl/contents/2025/09/normal/ZTPW6igv6FHwpNDF3QPtLZHM3y1bm877.jpg
4232432,We wuz kangz n shiet,https://i1.jbzd.com.pl/contents/2025/09/normal/9xB8g6lv9AcVDNGur5k3uPAAt9w9cDtb.jpg
4232431,elitarne ksywy,https://i1.jbzd.com.pl/contents/2025/09/normal/0iJSgP4LtiU8fAkF5jW4AGgYu5kMocR0.png
4232430,Jeb,
4232429,Mmm,https://i1.jbzd.com.pl/contents/2025/09/normal/KyPrTUs5mBKjVtZc9xUZ1QHUDX2pqFQT.jpeg
4232428,Śmieszki puerdolone,https://i1.jbzd.com.pl/contents/2025/09/normal/80FwK8Of3Uqik09BA2KPJU9G0kpZo8G3.png
4232427,Śmieszki pierdolone.,https://i1.jbzd.com.pl/contents/2025/09/normal/c9QXV9M2DzJEfN9GSQTRv7I9dwZxThn8.png
4232426,Śmieszki pierdolone.,https://i1.jbzd.com.pl/contents/2025/09/normal/sZWE2isD5K10MJoXi0LSGUGOoNWPIwYU.png
4232425,Jak wygląda życie w skrócie,
4232424,fatalne przejęzyczenie,https://i1.jbzd.com.pl/contents/2025/09/normal/Q6szjtOu78ED8NapfztoypjuMD2TxUQs.png
4232423,"Sprawdźcie portfele, bo nie wiecie, że jesteście bogaci",https://i1.jbzd.com.pl/contents/2025/09/normal/Hot6UFwocPlDqVPWfF1ijziPF26FkbFn.jpg
4232422,"Czy są gorsi od pedalarzy? Tak, hujogłowi",https://jbzd.com.pl/images/video-age-0.png
4232421,Natura,https://i1.jbzd.com.pl/contents/2025/09/normal/mZ1txpy8WP5kza81kaOP1OutEDt5iW5R.jpg
4232418,Za młoda aby ufać,https://i1.jbzd.com.pl/contents/2025/09/normal/eu39S7t2YGyPoKxnviDiEblFOK3XsbU3.jpg
4232417,Nie moze być!!,https://i1.jbzd.com.pl/contents/2025/09/normal/kCZ6mvFiOwAWYOsP4tehYB9g1T5SzbxA.jpg
4232414,Ale angole upadli. I jeszcze te nieudolne baby w Policji,
4232413,Nauczyciel starej daty.,https://jbzd.com.pl/images/video-age-16.png
4232411,Polaki,https://i1.jbzd.com.pl/contents/2025/09/normal/xxTm6rw3DaBrAm8dbJ4Bkgu9kkwXqaW0.jpg
4232409,"wiecej statystyk, polak wytrzyma",https://i1.jbzd.com.pl/contents/2025/09/normal/bFgXjiB29gyjxf4zdgS5B6TnYZat1l5O.jpg
4232408,Topgir,https://jbzd.com.pl/images/video-age-18.png
4232407,Taka sytuacja,https://i1.jbzd.com.pl/contents/2025/09/normal/wPe5LlYNdVWAmXTuNmrgfYIttVpCTaJS.jpg
4232405,Wpisz tytuł,https://i1.jbzd.com.pl/contents/2025/09/normal/WbQ1srqvknuscnTyHBue00CcGrdX0H36.jpg
4232403,Po to jest dodatkowa para,https://jbzd.com.pl/images/video-age-0.png
4232401,podręcznik dzidowca,
4232400,Przyjaźni mu się zachciało,https://i1.jbzd.com.pl/contents/2025/09/normal/oTOLvY8pZslxoNcCfKAFSqj6UKeJOq7x.png
4232399,It's just a prank bro,https://i1.jbzd.com.pl/contents/2025/09/normal/Rudwrv77MEnEWOnqicFjfkY4CqwBVqoV.jpg
4232397,Matka na deskach,https://jbzd.com.pl/images/video-age-0.png
4232396,VIII.  Nie kradnij,https://i1.jbzd.com.pl/contents/2025/09/normal/lqUPpFQUf4OR16b3WI7TOt2JhVNm4Pj9.jpg
4232393,A tego co poebao?,https://i1.jbzd.com.pl/contents/2025/09/normal/gWqFOi000zb4yrmu7MPaelhlDVUvAC9a.png
4232392,Plucie w twarz Polaka,https://i1.jbzd.com.pl/contents/2025/09/normal/2IWjcjWkBUWTA1FdBS1nNYxVObzkzljO.jpeg
4232389,No. xx,https://i1.jbzd.com.pl/contents/2025/09/normal/un80AdQ8os9vBgP9LrBxRaJEHAuoqpSA.jpg
4232383,Ktoś kojarzy tą ikonę?,https://i1.jbzd.com.pl/contents/2025/09/normal/4BROS1Nh0qF5YTf2cjKDrQ5yvF9s3iHH.jpg
4232381,Dracula i jego harem,https://i1.jbzd.com.pl/contents/2025/09/normal/3XR1HFYa1zIHDzxC6YLL6eTOofUOmuJ7.png
4232380,Wyciągaj swoją hiszpańsko-cygańską lance xD,https://i1.jbzd.com.pl/contents/2025/09/normal/wMLZGJCXjMmNeDQNIBSGXTaLsGLCUStO.jpg
4232377,"Już tradycja, że co roku jest ten mem",https://i1.jbzd.com.pl/contents/2025/09/normal/mHyMVGiUHWxZCqD1RonfGy7xkdsKNRwl.jpg
4232374,"Najpierw panika. Dopiero później przypomniał sobie, że jest majestatycznym kotem",https://jbzd.com.pl/images/video-age-0.png
4232373,archiwum: magiczne magimiecze,https://i1.jbzd.com.pl/contents/2025/09/normal/pmxCC3RygUlN3BZyhfUsUqAIq5r7IYlK.jpeg
4232371,Audi 307 Avant ... nie wiem tylko czy kłattro,https://i1.jbzd.com.pl/contents/2025/09/normal/Pfd8jq5ODzZacljvBs1XMiEn54dNYKjQ.jpg
4232370,Śmierdzący żarcik.,https://jbzd.com.pl/images/video-age-18.png
4232369,20 gospodarka świata,
4232367,Tytuł,https://jbzd.com.pl/images/video-age-18.png
4232366,nie pacz sie,https://jbzd.com.pl/images/video-age-18.png
4232361,"Zgadza się, ukradłem, ale tylko debil by nie ukradł.",https://i1.jbzd.com.pl/contents/2025/09/normal/3s2ew8FJOLi6hoG5biFAtdo6pyV2xoFK.jpg
4232359,Potęga umysłóf,https://jbzd.com.pl/images/video-age-18.png
4232358,Wydaje się to być całkiem rozsądny pomysł,https://i1.jbzd.com.pl/contents/2025/09/normal/P5ntPkHib3cGWvNGR29hV4rAq8JaM9ti.jpg
4232357,2137,https://i1.jbzd.com.pl/contents/2025/09/normal/odt4N2HHIpl1wtOo8EwCvl7aCfw9RiLu.png
4232355,Biały kruk,
4232354,Nie będę gorszy,https://i1.jbzd.com.pl/contents/2025/09/normal/YrnMmNREJOFCf5g5vXEJQsbYUDxbaW66.jpg
4232353,1234,https://i1.jbzd.com.pl/contents/2025/09/normal/nKCdjgjppFVyDU8Pg8e29xOisrH3zoZv.jpg
4232352,Pierdoleni złodzieje,https://i1.jbzd.com.pl/contents/2025/09/normal/oEfvbzyHDTFXdDVfMH3Owl8MoJ7JFz2T.jpg
4232351,Średnie,https://i1.jbzd.com.pl/contents/2025/09/normal/wx7z6BzKX0vk3URWGBexpgQaW8X9Q4ky.jpg
4232350,Zamawianie loży w R'lyeh,https://i1.jbzd.com.pl/contents/2025/09/normal/kjfTwKo6EPzRpTe4hVUSyrDBJgvsOolU.jpg
4232349,Się popieści to się zmieści,https://i1.jbzd.com.pl/contents/2025/09/normal/RBYEtxjkYtCGMuzUYrBH0MduiGzBH1wM.jpg
4232348,Jebane julki! Napierdalał bym taka jak faceta w ringu.,https://i1.jbzd.com.pl/contents/2025/09/normal/GBFMuZEP3t50WW8w8GwmceFWqxtD7A6K.jpg
4232347,Brejking njus,https://i1.jbzd.com.pl/contents/2025/09/normal/IW2nH47q9P0zMHih4qWKkD9lSrzFTPZg.jpg
4232345,Pieseł zdech,https://i1.jbzd.com.pl/contents/2025/09/normal/BU20am4J6dzz6jn1y24QShYUuuIl7prG.png
4232344,Ma lecieć prosto i chuj,https://jbzd.com.pl/images/video-age-18.png
4232342,Za każdym pieprzonym razem,https://i1.jbzd.com.pl/contents/2025/09/normal/Izjh8refmX8uECAOUVJTHawDNtWvawQ2.png
4232340,Jest robota do zrobienia,https://i1.jbzd.com.pl/contents/2025/09/normal/xWdwWE7v1oAQycUZ9zDXHNgfqy3FOaN8.jpeg
4232339,‎‎‎,https://jbzd.com.pl/images/video-age-0.png
4232337,Ciekawe mapy. Bawaria i północne Włochy.,https://i1.jbzd.com.pl/contents/2025/09/normal/7LoqSFr93Wopx2Cb0swn7jnkzE7vuEKz.jpeg
4232336,Męska gra dla prawdziwych mężczyzn,
4232335,Amatorzy,https://i1.jbzd.com.pl/contents/2025/09/normal/5wX0MSHodA6mmNmTpyQi2veI8z0oc611.jpg
4232334,Propozycja nie do odrzucenia,https://i1.jbzd.com.pl/contents/2025/09/normal/lBwEsC4csoNbQuofUzURUy8EsVcE5hXx.jpg
4232332,So it's begins,https://jbzd.com.pl/images/video-age-18.png
4232331,Nos wystaje,https://i1.jbzd.com.pl/contents/2025/09/normal/UWJENSvyKcdHETKOb5zmys5OrKty0qfM.jpg
4232330,Tytul,https://i1.jbzd.com.pl/contents/2025/09/normal/J74qTwlLJQaUk2Tx8jV33T3TOA9ynaoz.jpg
4232329,"Tak nie wolno, pobite gary",https://i1.jbzd.com.pl/contents/2025/09/normal/YcxTfmS1piqSotB9wpJ0IGwEqXB6tmC9.png
4232328,O nich też trzeba pamiętać,
4232327,Chłopski rozum w natarciu xD,https://i1.jbzd.com.pl/contents/2025/09/normal/BNQer0yZ2WCMbzc76cI7haAlf5eD3CJZ.png
4232325,Co ten tusk,https://jbzd.com.pl/images/video-age-0.png
4232324,Żarcik,https://i1.jbzd.com.pl/contents/2025/09/normal/2L95LDuY9rYv3GM2Pndo2kkm6lFqnM3J.jpg
4232323,Szacun,https://i1.jbzd.com.pl/contents/2025/09/normal/O5EIxO0jFQ75tk5FAog5XnRpfdYdHeXJ.jpg
4232322,Mówiłem wam że wiem od kogo wy są. Jebane pedofile,https://i1.jbzd.com.pl/contents/2025/09/normal/2QCj9QWhIduzuwkRrtnxZxODu2J4WjDN.jpg
4232320,Tort,https://i1.jbzd.com.pl/contents/2025/09/normal/WypkSc0533fbCqY06hesgVbvVVuTuchW.png
4232319,Brakuje tylko zakoli,https://i1.jbzd.com.pl/contents/2025/09/normal/4ziH99nqBLs8vxlXGjoWKRp5IV1yiVkR.jpg
4232318,Butelki,https://i1.jbzd.com.pl/contents/2025/09/normal/edIEEoHdDIPEPkccfheKnZTWQIrBjIDi.png
4232316,Ogrzewanie klimatyzatorem,https://i1.jbzd.com.pl/contents/2025/09/normal/OigwNs0Kre6jsOWcaOBhYJhFRay7JKOv.jpg
4232315,a ojca i syna we wspólnym grobie okrzykniemy neolitycznymi gejami,https://i1.jbzd.com.pl/contents/2025/09/normal/oSD3KWxqR3ER66rt0y3wnhBXHqtS3LDe.png
4232314,Straszna śmierć,https://jbzd.com.pl/images/video-age-18.png
4232313,Dziadzia dobrze gada,https://jbzd.com.pl/images/video-age-18.png
4232312,"Silna Wola, mocne Jeżyce, twarde Bałuty, tęgie Jelitkowo.",https://jbzd.com.pl/images/video-age-18.png
4232311,Restauracje z gwiazdką Michalina takie są,https://jbzd.com.pl/images/video-age-18.png
4232310,Subnautica multiplayer,
4232309,Inpost - symulator,https://i1.jbzd.com.pl/contents/2025/09/normal/XNZWBomiVwx5PG6gLzpW68jtMtw96UY6.jpg
4232308,Obrońcy moralności są tylko trochę lepsi od kurew z OF ha tfu,https://i1.jbzd.com.pl/contents/2025/09/normal/L7IdG2IM5Dn9xXd6obG0JlmACF0sBJfV.jpg
4232305,Genialny pomysł,https://i1.jbzd.com.pl/contents/2025/09/normal/VgwtqKcjo0lY8lJJVuw3yTtYHbtvfvQT.jpg
4232304,Polska myśl zbrojeniowa,https://i1.jbzd.com.pl/contents/2025/09/normal/nDMGEiNHGD6Du07xsXlizEvEsHbGzFJz.png
4232303,Sekta,https://i1.jbzd.com.pl/contents/2025/09/normal/VTAJbtBKsQyw3MvtNIlT0MCbm4vHQfEi.jpg
4232302,Ytk,https://i1.jbzd.com.pl/contents/2025/09/normal/7j6BzVirA9R56oVIrRKa89PWpz15B7Wg.jpg
4232299,zajebane z grupy telegram szaszki,https://jbzd.com.pl/images/video-age-18.png
4232296,kakaovy chlebicek,https://i1.jbzd.com.pl/contents/2025/09/normal/1CVr2SPZi0pgRcOTi1FEfl0hcH4c2lJX.png
4232295,nawet babskie ai jest wkurwiające,https://jbzd.com.pl/images/video-age-18.png
4232292,Pamiętaj synek,https://i1.jbzd.com.pl/contents/2025/09/normal/3mfwi0cXTuq7NWKNV6uMADQW45jJXQRt.png
4232291,trening na pilota,https://jbzd.com.pl/images/video-age-18.png
4232290,ktoś zna drogę?,https://i1.jbzd.com.pl/contents/2025/09/normal/R2incD3w0L73ZEKOnCQAT9eKwDmG9OVb.jpg
4232289,Jebać żydów,
4232288,"Nie tuczy, ale smakuje",https://i1.jbzd.com.pl/contents/2025/09/normal/bWo1vKEdOVH1bYyAVV5C8pfVdzFM5uZH.jpg
4232287,"Biedaczek, pewnie głodny...",https://i1.jbzd.com.pl/contents/2025/09/normal/BuUCBbPS6XOwIyyKaGhMJZzKJWokgMiN.jpg
4232286,Wkładam odpaloną petardę w krowi placek,https://i1.jbzd.com.pl/contents/2025/09/normal/1AiPgQbFeWz1KJgQ4FDBsec3bjj7tryP.jpg
4232285,scam,https://i1.jbzd.com.pl/contents/2025/09/normal/xAkf6Y2tnbgI11fZXi9mxF55NiVHH5gJ.jpg
4232284,Kaligrafia,https://jbzd.com.pl/images/video-age-18.png
4232283,O 10 groszy za daleko.,https://i1.jbzd.com.pl/contents/2025/09/normal/3Od1kt00zB9hlZ2Q2BRARyXmm68izuSS.png
4232281,Z czego Jest Polska znana? Husaria? Papież? Nie! Z tego że jebany burak zajebał dziecku czapkę,https://i1.jbzd.com.pl/contents/2025/09/normal/vqIp6TNO916YDnHTjY3Zas84lkIRc1yv.png
4232280,Kradzione,https://i1.jbzd.com.pl/contents/2025/09/normal/W8JGzQm83c3vHus7PClly5WvR4WXK1mJ.jpeg
4232279,Interesik,https://i1.jbzd.com.pl/contents/2025/09/normal/FNmGB9OjXWLFfvcDoJ114FtxhDPxeb4n.png
4232278,Szach mat weganie,https://i1.jbzd.com.pl/contents/2025/09/normal/TugMDshBXPi70qzBasFFiiWErhUMcw1a.png
4232274,Za pół litra krwi,https://i1.jbzd.com.pl/contents/2025/09/normal/u6pQxzbLydpaUsI0lLeJsgyJW2EiH4mo.jpg
4232273,Jude Raus,https://i1.jbzd.com.pl/contents/2025/09/normal/hRsSTuc4jkx1JOSqWR2OKEnmJNaJPFOk.jpg
4232272,smutne,https://i1.jbzd.com.pl/contents/2025/09/normal/nBabgWOClmaVKpdtuJ86NhZrDbedjrii.png
4232270,Rumunska sekta,https://i1.jbzd.com.pl/contents/2025/09/normal/jJFyxlPRSNZ3FU5xvhEVaAE89OdTJiLf.jpg
4232269,Co do kurwy,https://i1.jbzd.com.pl/contents/2025/09/normal/aMyO2Fs4fhBuZEENgi55AIpiwz3y0KCc.png
4232268,Spaczenie umysłowe,https://i1.jbzd.com.pl/contents/2025/09/normal/qbZnkr1OibVsb9C0CQxqDXaOxD5EcU2C.jpg
4232267,Plus i minus to jedyne... A nie czekaj,https://i1.jbzd.com.pl/contents/2025/09/normal/H62UHwIw1cYk5FyOLOkKOdX3iIloQ4jB.jpg
4232266,Ten to ma udany dzień,https://jbzd.com.pl/images/video-age-0.png
4232263,Język polski,
4232262,Też tak mieliście?,https://i1.jbzd.com.pl/contents/2025/09/normal/0wtRzQiuzZDZpq86V25ssk45gi2foGWA.jpg
4232261,Fajne,https://jbzd.com.pl/images/video-age-18.png
4232257,HWDP,https://i1.jbzd.com.pl/contents/2025/09/normal/1Y9NqrexQdVFtXA0caU7LZlv2X9jUulT.jpg
4232255,Jebz pierunem,https://jbzd.com.pl/images/video-age-18.png
4232254,Bo on kocha nasz kraj Polskę...,https://jbzd.com.pl/images/video-age-18.png
4232252,shift,https://i1.jbzd.com.pl/contents/2025/09/normal/gSyyVs1AuAZPjJPU5s0zajnr92cFPNlI.png
4232251,Czapka,https://i1.jbzd.com.pl/contents/2025/09/normal/bicMS8IIeCsGsOGvyAEtRUGJqEYc57I6.jpg
4232250,"But dad, whey?",https://jbzd.com.pl/images/video-age-18.png
4232249,Styl życia dzidowca. A może mój ?,https://i1.jbzd.com.pl/contents/2025/09/normal/GYFtSveFWYNAyrzbfJG4mAB3FAdZDcsQ.jpeg
4232248,Jest różnica,https://i1.jbzd.com.pl/contents/2025/09/normal/DC0ymQQI7AgdQPQuy738MCjSr7Of7CV7.jpg
4232247,Mamuśki z twojej okolicy,https://i1.jbzd.com.pl/contents/2025/09/normal/M0iqMxOyjdjlv2fw5arGmnhysqQ0aTcW.png
4232246,Daj palec to wezmą całą planetę. Chore pojeby,https://i1.jbzd.com.pl/contents/2025/09/normal/KURZ1zqTXIyi2tYrKLvpAprCM7eOFNkJ.jpg
4232245,",,Czarnuch podnosi na mnie rękę xDD''",https://jbzd.com.pl/images/video-age-18.png
4232244,A oto banan Europejski,
4232243,Bo zara mnie pojebie,
4232242,Powinno wyjść inaczej,https://i1.jbzd.com.pl/contents/2025/09/normal/LX9iDS81kxtSPFR6BfCwbSckNysJxIx3.png
4232241,Ten moment gdy robisz sobie zdjęcie i odkrywasz że jesteś czarny,https://jbzd.com.pl/images/video-age-18.png
4232240,Pro retro,https://jbzd.com.pl/images/video-age-18.png
4232239,"Mówiłem ci puszek, takiego państwa nie ma",https://i1.jbzd.com.pl/contents/2025/09/normal/R1NNCYmDAhE50lSC2GYfTkF5rPn5FCUv.png
4232238,A wy co świętujecie?,https://i1.jbzd.com.pl/contents/2025/09/normal/6efnkPsA2IsIsr47DfKAiPmhZCrqTzmL.jpg
4232237,Ma ktoś jakieś logiczne wyjaśnienie czemu woda gotuje się tylko na zewnątrz kiełbasy?,https://i1.jbzd.com.pl/contents/2025/09/normal/ENaY2QoR9Mwkxl60ZCoxYN62Lucts1kT.jpeg
4232236,Ciężko sobie na tę reputacje zapracowały,https://i1.jbzd.com.pl/contents/2025/09/normal/aHQ8F0IwRWAB65HBaVQJ54M6QKDs2U77.png
4232232,pa tera zasrańcu,https://i1.jbzd.com.pl/contents/2025/09/normal/VWFo2yaLH6FgMckmvSSgiCWCx43jgxVw.jpg
4232231,Głupich nie sieją,https://jbzd.com.pl/images/video-age-18.png
4232230,tytuł,https://i1.jbzd.com.pl/contents/2025/09/normal/od6tudavwNYQ5lP89KQhWoX5iKIpu6of.jpeg
4232229,Tak się zapierdziela,https://i1.jbzd.com.pl/contents/2025/09/normal/ydlzZiPi0pjfwkcRC3Dr3lsbyLgubSzz.png
4232228,Rzymjanie prawde mówią...,https://i1.jbzd.com.pl/contents/2025/09/normal/rWuqUuLQ75gE6fwkWu93erVbdFFXh8ys.jpg
4232227,Truf,https://i1.jbzd.com.pl/contents/2025/09/normal/Jx1FAP7UcoHCDY9uvynRiE28hKqniA1V.jpeg
4232226,Jak on smie,https://i1.jbzd.com.pl/contents/2025/09/normal/rQgzSJcX9d7o7ema48DJYg0aRORlrqok.jpg
4232225,Media PO,
4232224,"Jedni mają wymówki, inni wyniki",https://i1.jbzd.com.pl/contents/2025/09/normal/4wzw45cP8Ptgpg3jWLgNnPRvUbHGKBVB.png
4232223,"Pobiegniemy tam, gdzie biegniesz, kolego piękny",https://i1.jbzd.com.pl/contents/2025/09/normal/Oygoi5N46s21YwTqnfMAjBIEIfFWRCZI.png
4232221,Zaimki,https://i1.jbzd.com.pl/contents/2025/09/normal/s82MvJ9kzza1EXiv29IoCoPug7QG75x4.jpg
4232219,Old Spear Classic# tak jak pan jezus powiedział.,https://i1.jbzd.com.pl/contents/2025/09/normal/ajArNEDYFJxGtyE95kdFCWDr0JZYBleQ.png
4232218,Czy coś byś przeciw miała?,https://i1.jbzd.com.pl/contents/2025/09/normal/0PTy7UfOHhxX2jkeB9hynMCIRjR8zCxv.jpg
4232217,"Pamiętaj żeby wyprać ręcznik, bo imigrantowi będzie niekomfortowo.",
4232216,Wychochlowana świntucha,https://i1.jbzd.com.pl/contents/2025/09/normal/3D75jowW6AXhke3UNTAuh6tR1Eu5ZyYl.jpg
4232213,Właśnie przyglądaliście się stopom transa.,https://i1.jbzd.com.pl/contents/2025/09/normal/FtOInv9DwV4YqhaiP2GWFIdJsb15ciHE.jpg
4232212,Będzie mandacik,https://i1.jbzd.com.pl/contents/2025/09/normal/6cvijLhNZHixtL0voX26Pty0TEmV6ZP6.jpg
4232211,Ekologiczny książę Eterni,https://i1.jbzd.com.pl/contents/2025/09/normal/EcavW6fEFXsqNB4qLdrehPjyXy4inKXv.jpg
4232209,"Co wolno wojewodzie, to nie tobie, smrodzie",https://i1.jbzd.com.pl/contents/2025/09/normal/TCnQ0dls2iOjx4FudYcK8TSZsIjL012P.jpeg
4232208,Oj boją się,https://i1.jbzd.com.pl/contents/2025/09/normal/bU92ilz1MRagc9oShr4CiqrprOK7KqMn.png
4232207,Nikt nie jest bezbronny,https://jbzd.com.pl/images/video-age-18.png
4232204,POV Paweł Jumper,https://jbzd.com.pl/images/video-age-18.png
4232203,"To jakaś magia, jacyś bogowie!",https://i1.jbzd.com.pl/contents/2025/09/normal/kiyWOciWMmyH9jxtV4ieK0cM1Rgva3uQ.png
4232202,To już dziś,https://i1.jbzd.com.pl/contents/2025/09/normal/qo7hKE7N4gemFObZcgWaDOsg7ngHy16J.png
4232200,I jej jest na wierzchu,https://i1.jbzd.com.pl/contents/2025/09/normal/NXoSPqJ7JgzR8QyNdJP4XGUmzjalEUkA.jpg
4232199,Który to,https://jbzd.com.pl/images/video-age-18.png
4232197,Ojojoj jakie te Zetki nie dobre,
4232195,Fur Deutschland,https://i1.jbzd.com.pl/contents/2025/09/normal/wfsUZwlGqKR9JVRzzM7eCD7Eb0aI752D.jpg
4232193,zmęczony podróżnik,https://i1.jbzd.com.pl/contents/2025/09/normal/rySF9f5OjPBSC18nDO68ujQ4qe8EXJu1.jpg
4232191,Doktor Paul stawia szybką diagnozę,https://jbzd.com.pl/images/video-age-18.png
4232190,Panda wielka,https://i1.jbzd.com.pl/contents/2025/09/normal/jZ8B3UiKqMGEIrATjevBSfvosTcnQbFS.png
4232186,Nie jemy w autobusie. Ostatnie fotele,https://i1.jbzd.com.pl/contents/2025/09/normal/OOZOhYTSqIrMcTgnUtGuiB3w9IFagsct.jpg
4232185,Cios z potylicy w kostke,https://i1.jbzd.com.pl/contents/2025/09/normal/YPD2X9RXXsGHzOXPh9N88Vw8hbSJ22g9.jpeg
4232183,IZRAEL popełnia LUDOBÓJSTWO na PALESTYŃCZYKACH a strefa GAZY jest największym istniejącym GETTEM,
4232180,Tylko w sobotę,
4232178,Oto dlaczego w serialu Harry Potter Voldemorta powinien grać czarnuch,https://i1.jbzd.com.pl/contents/2025/09/normal/up4aC7AwJzReXyoa9anOH0U2B9DuhACh.jpg
4232177,"To nie kwestia biedy, oni po prostu chcą być podludzkim śmieciem",https://jbzd.com.pl/images/video-age-0.png
4232175,Iluzja,https://i1.jbzd.com.pl/contents/2025/09/normal/haO1MXmuFAz06xJWQenKmCIzS7MmjYMK.jpg
4232174,"Niemcy, proszę Państwa",https://i1.jbzd.com.pl/contents/2025/09/normal/c2BuuNUcT3UgA35gLH4lhvfEPgHokFzS.png
4232173,Tak się zwija asfalt w hindu,https://jbzd.com.pl/images/video-age-18.png
4232170,Wyjaśniaj do woli XD,https://i1.jbzd.com.pl/contents/2025/09/normal/EgSs0g4Jh6L7OqPLOx3UjV5tojYfe4dB.jpg
4232169,"Kiedy się wypełniły dni i przyszło zginąć latem, prosto do nieba czwórkami szli żołnierze z Westerplatte.",https://i1.jbzd.com.pl/contents/2025/09/normal/vzJAq3EYhRcPoZgyZhnMXucT2wAUZ8Aa.jpg
4232168,"Naród wspaniały, tylko ludzie chrupki",https://i1.jbzd.com.pl/contents/2025/09/normal/DGXXGQhJCeLbts2uzRR3jN8YSH83Ub3C.jpg
4232161,Sraneks kuchenny,https://i1.jbzd.com.pl/contents/2025/09/normal/H87MirX9oL2WYsJtXL9IIrjtlr86quGi.png
4232159,Pompa ciepła,
4232158,Hmmm,https://jbzd.com.pl/images/video-age-18.png
4232157,Od Magdy Gressler - pasztet z pimpka,https://i1.jbzd.com.pl/contents/2025/09/normal/wwHalXMGz1P2siNLWgsixgXa25rmvfcs.jpg
4232156,Nawrócony na żydowstwo,https://i1.jbzd.com.pl/contents/2025/09/normal/XlUxdOiTzr724kyrswwn9y2U0il3y7Hw.png
4232155,Azjaci,https://i1.jbzd.com.pl/contents/2025/09/normal/qGn1H2H8HNQD4L5E3NLVGjUT20YjFeF7.jpg
4232153,Combo,https://i1.jbzd.com.pl/contents/2025/09/normal/P5BbfEVCyaohWy8QbYPv4rXE4kaCLHtQ.jpg
4232151,Współpraca,
4232150,Kiedy klucz płaski okazuje się śrubokrętem,https://i1.jbzd.com.pl/contents/2025/09/normal/zfVgzUsvwZ4zTrPsByZuxzVGGTaBX7c3.jpg
4232149,Żydowkskie sztuczki,https://i1.jbzd.com.pl/contents/2025/09/normal/GiXxjgVIURwDg6AXnNCT3DZA1bdSpw0U.png
4232147,Lubie bawić się szamponem.,https://i1.jbzd.com.pl/contents/2025/09/normal/FnI5mSWSxycO76TGFT5ha97lCN22uYx8.jpg
4232146,Heroes 3,https://i1.jbzd.com.pl/contents/2025/09/normal/oiyImlKFqejIIPdgtxxt6V2AUKpDalcr.jpeg
4232145,Powrót do domu,https://i1.jbzd.com.pl/contents/2025/09/normal/u3E50J7ihr9NqUk4I250jOEMWq84iBIO.jpg
4232143,Jako tako,https://jbzd.com.pl/images/video-age-18.png
4232142,Gurnik,https://i1.jbzd.com.pl/contents/2025/09/normal/dUt6lZ8Hejp96XtTw0tvFBPmevwOP9jh.jpg
4232139,Było pilnować,https://i1.jbzd.com.pl/contents/2025/09/normal/tpUnuapxp42PqXuG5wRGDGTLvAQXY1oz.jpg
4232137,Bessi,https://i1.jbzd.com.pl/contents/2025/09/normal/6xadEAjlPf8yIB0TwjVYmxSHftoZPovG.jpg
4232136,Olbrzymy,https://i1.jbzd.com.pl/contents/2025/09/normal/65Rk8MjwXUGhgaNiB7QEBsqxzoN2sDwd.jpg
4232134,7 rano a chłop dalej siedzi nad swoją gierką.,
4232132,Sreep,https://jbzd.com.pl/images/video-age-0.png
4232131,Meep,https://jbzd.com.pl/images/video-age-0.png
4232130,I tak nikt nie czyta  a filmy z tiktoka to gej .,https://jbzd.com.pl/images/video-age-18.png
4232129,Numer 2,https://i1.jbzd.com.pl/contents/2025/09/normal/plFsABbdkZQodMlkl9oHGuqSRnIa4w3j.jpg
4232127,Płatki z rana jak śmietana,https://i1.jbzd.com.pl/contents/2025/09/normal/3HTH7p1h7EyZ3rgo5cNNAkAH806ialHX.jpg
4232126,"Chłopaki, chyba mam pewien plan...",https://i1.jbzd.com.pl/contents/2025/09/normal/difgBYVm8N0DTYMy0ojvAU4dN0SYfLFe.jpg
4232125,Gdy stres bliski weź meliski,https://jbzd.com.pl/images/video-age-18.png
4232124,Suchar na dziś,https://i1.jbzd.com.pl/contents/2025/09/normal/uq14OlD0SVcEeIP631RnXkOAGuVZsNDY.jpg
4232122,UEEHEHEHEH CZAK NORIS,https://i1.jbzd.com.pl/contents/2025/09/normal/S48JQxVzJJi1Mnd7o7xdvMs9KOjYZ6tI.jpg
4232121,Królestwo Myrtany Zjednoczone pod berłem króla Robhara II,https://i1.jbzd.com.pl/contents/2025/09/normal/Fl3PThcGTcGjEZHtpnOr1vYJ3fNTyAIX.jpg
4232120,LOTR of The Pierścionków!,
4232119,Śmieszkowane,https://i1.jbzd.com.pl/contents/2025/09/normal/sPQVS33APjJv7OaYwbbcRuj0TOAifJlz.jpg
4232118,Ideolo,https://i1.jbzd.com.pl/contents/2025/09/normal/Z25Wpf1wTahds3mKszlV0QNIqn1B0yMk.jpg
4232117,IDF=SS,https://i1.jbzd.com.pl/contents/2025/09/normal/uglWl5gfbTeSTXQduoVr3Fold24m8DuY.jpg
4232116,Yippee ki yay,https://i1.jbzd.com.pl/contents/2025/09/normal/TAum4BO3kJkw8mmvliTJe66gcYAhKtBu.png
4232114,Obrazek tymczasowo autorski,https://i1.jbzd.com.pl/contents/2025/09/normal/h6Z3ZH60dV4dY5Anmzz9Gj8C1467A3Wm.jpg
4232113,Roman Boski,https://i1.jbzd.com.pl/contents/2025/09/normal/FVHCo6jAAqyQAnzDdYJk2SE8Wci4q8gH.jpg
4232112,Ordżinal™,https://i1.jbzd.com.pl/contents/2025/09/normal/R5r1OO8WfpYYvYc8buITKwCCM0aUEUFi.jpg
4232109,Wybór,https://jbzd.com.pl/images/video-age-0.png
4232107,Poszło z gruzem,https://i1.jbzd.com.pl/contents/2025/09/normal/yn4hzmpcGeipSw5q8fl1aL6Xzdgm7rnD.jpg
4232105,Widzenie,https://jbzd.com.pl/images/video-age-0.png
4232104,Ur-Thrall,https://i1.jbzd.com.pl/contents/2025/09/normal/5t8OpwndchJHcMFCjScnbopHOXhNGvvs.jpg
4232103,Ufc,
4232102,Fajnie sobie pójść rano po pomidora,https://i1.jbzd.com.pl/contents/2025/09/normal/OJojedLkaJWDLBovaOLIAq0TVeHGYgi2.jpg
4232101,Kto w gastro robi z cyrku się nie śmieje,https://jbzd.com.pl/images/video-age-18.png
4232100,Klan,https://i1.jbzd.com.pl/contents/2025/09/normal/ci6eA2scry0XnmLRq6kP3KbRquRJF8jk.jpg
4232099,Brudnopisy żałujo,
4232097,Puchatek,https://i1.jbzd.com.pl/contents/2025/09/normal/CUh77gl3mrERWRcsMUrpa0PBuvs8YtEd.png
4232096,Kto narobił,https://i1.jbzd.com.pl/contents/2025/09/normal/KVsjzkk5o5Ca5QJMiQ4f8YvCkzvyBHIX.png
4232095,Coś jest na rzeczy.,https://i1.jbzd.com.pl/contents/2025/09/normal/s7L72dyrdVCee1uYTyXcEz7QhgLryThZ.jpg
4232094,Miłość,https://i1.jbzd.com.pl/contents/2025/09/normal/gkSw6tXTwajfC0IrsPwPNbkI5cqGk18E.png
4232093,Tasia,https://i1.jbzd.com.pl/contents/2025/09/normal/kOlLru1Wa6WvC0abeDaTRuhXEhl3sNrD.png
4232092,Nr 5,https://i1.jbzd.com.pl/contents/2025/09/normal/nMvfU6suDdHyHccytYfWgRkI1RLi24GN.jpg
4232091,Rodzina jest najważniejsza,https://i1.jbzd.com.pl/contents/2025/09/normal/uZn351bdsurbkKtSF4gUCE4N9OFVjiy2.png
4232090,Kwiatek,https://i1.jbzd.com.pl/contents/2025/09/normal/OU1oVOY5e97N8B7jzQKrLV8bmiGYDdTB.png
4232089,Mikroblog,
4232088,Wycieczka,https://i1.jbzd.com.pl/contents/2025/09/normal/7gFaFjUZ8jvnXO6Ssivke2ZaomesWbYn.png
4232087,Hans Potter i komora gazowa.,https://i1.jbzd.com.pl/contents/2025/09/normal/zyAy2VMLxa0aO1MsYyyDBvbCL7NGrXzg.jpg
4232084,Tytul,https://jbzd.com.pl/images/video-age-18.png
4232083,"Golec Pierdolec, zwaliłem swój bolec. Dobranoc Państwu rtrteysfdh",https://jbzd.com.pl/images/video-age-18.png
4232082,"A rak wiedział, nie powiedział",https://jbzd.com.pl/images/video-age-0.png
4232080,W Polsce żydowska flaga nie jest chroniona prawnie,https://i1.jbzd.com.pl/contents/2025/09/normal/GlSjec2PQsMgeWFLckvYts9X0YQzcWO0.jpg
4232079,Dinozaury,https://i1.jbzd.com.pl/contents/2025/09/normal/YqAw16MPDxjEG7FiADMpHd0zeo7gdycC.png
4232076,Ciekawostki,https://i1.jbzd.com.pl/contents/2025/09/normal/3AUE6IqHoJrQVThYDOnH1D9BASKK7PMs.png
4232075,W Paryżu Szon patrol nie potrzebny.Mają muslimów,https://jbzd.com.pl/images/video-age-18.png
4232074,Powinno wyjść inaczej,https://i1.jbzd.com.pl/contents/2025/09/normal/SpTUblE32n29iRRccqux1L69HvjHIhb7.png
4232072,Fejkoprawda,https://jbzd.com.pl/images/video-age-0.png
4232071,Takie czasy,
4232068,top mózg lewicy,https://i1.jbzd.com.pl/contents/2025/09/normal/myeU9brwXPerD6jbj0iZlePgcrMs4URM.jpg
4232067,Duży mózg czas.,https://i1.jbzd.com.pl/contents/2025/09/normal/sRKUKOxFJWekyfknzt0eqlnzdqbY2kub.png
4232066,Wróżka,https://i1.jbzd.com.pl/contents/2025/09/normal/im20bhYanJMLavT6ioq0do3ICltbg4Y0.png
4232065,Theoden wiedział co robi,https://i1.jbzd.com.pl/contents/2025/09/normal/zo1xk24tEvvDuxxNxfPpXQmnwwKk2HXV.jpg
4232064,Śnieg,https://i1.jbzd.com.pl/contents/2025/09/normal/UNAlWHyRSIifsn5Aav9f4Rcx916Q2Fis.png
4232063,Wujku nie,https://i1.jbzd.com.pl/contents/2025/09/normal/YAtiV9y6oxXqNOnqpzrk2BJCdx4aKOKB.png
4232059,Drive kurwa forward naprzód.,https://i1.jbzd.com.pl/contents/2025/09/normal/8w4M356vIaajI3R1SLA0KBJ45EwslNpI.png
4232058,Gooby monter,https://i1.jbzd.com.pl/contents/2025/09/normal/z1v6EfSWv2NkQUQMRhtzSqyh5C7u1ibp.png
4232057,Święta tuż tuż,https://i1.jbzd.com.pl/contents/2025/09/normal/jXn0YnRL5f6HaKVUI7lgXs63GweuTWNl.png
4232054,Zaproszenie,https://i1.jbzd.com.pl/contents/2025/09/normal/mYcOdik3pLr5tUJCq4w8WuNTXFPWaigH.jpg
4232052,Dobranoc,
4232050,Prawko,https://jbzd.com.pl/images/video-age-0.png
4232049,Kłet,https://i1.jbzd.com.pl/contents/2025/09/normal/FbacFakExWljYUWU2q223IIEjrVUhhrX.png
4232048,Jeszcze oszukał.,https://i1.jbzd.com.pl/contents/2025/09/normal/jbFK9hAAkGAQ9Jl0qenCMZvCwvyLBOOz.jpg
4232046,Jogurt,https://i1.jbzd.com.pl/contents/2025/09/normal/yhJ2hdLmrWq3PsxxzohNKIBSCFkwCBtX.png
4232045,Nr 4,https://i1.jbzd.com.pl/contents/2025/09/normal/olVXObtqzRVY8xYLXsL9LbrRzZSJxkp7.jpg
4232044,Nr 3,https://i1.jbzd.com.pl/contents/2025/09/normal/m1J4adkShc1SIreKFgx5h814qUL78NDw.jpg
4232043,Elfikról,
4232042,Taka sytuacja,https://i1.jbzd.com.pl/contents/2025/09/normal/QqDu3KQebQMClaoX8o0BIrAzF75WjWC5.jpg
4232039,Swedzicipex Ultra Forte Max,https://jbzd.com.pl/images/video-age-18.png
4232037,Dawno nie było,https://jbzd.com.pl/images/video-age-18.png
4232034,tak sobie pograjcie na full ;),
4232029,Trzeba było pilnować,https://i1.jbzd.com.pl/contents/2025/09/normal/t29sglc1oETBJCqzM0A8dkdBpmi76mpI.jpg
4232028,Broszki ci Niemce zrobiły,https://i1.jbzd.com.pl/contents/2025/09/normal/WNsk7aNGDifIhk66Wyaeu6j5yOSbBAYJ.jpg
4232026,Indiana Jones i świątynia chciwości polskiego bogola,https://i1.jbzd.com.pl/contents/2025/09/normal/wSyyhHnTFbNrBSsJf98VlpwU6XpmHcaO.jpg
4232025,W kinach od 1970,https://i1.jbzd.com.pl/contents/2025/09/normal/IY3XwOoAmEPCMitmax2DEdiSMv9GMUJP.jpg
4232024,Emergency Assist od Volkswagena,https://jbzd.com.pl/images/video-age-0.png
4232023,W jakim świecie my żyjemy?,https://i1.jbzd.com.pl/contents/2025/09/normal/SgXu0cnaYPdKKkb8EpkM220hxlLVP6Ox.jpg
4232022,Ich skale porównawcze są dojebane XDD. Ci debile nie znają takiego pojęcia jak honor.,
4232020,"Meme francsais , merde połak januszexi. Czy jakoś tak.",https://i1.jbzd.com.pl/contents/2025/09/normal/F60BMbnpP9ZEa0VO6W8aBxZXRYSOx6iY.png
4232019,Co roku to samo,https://i1.jbzd.com.pl/contents/2025/09/normal/sGURt39zHSG8faGoLE3qm1dpF1VUaunA.jpg
4232016,Co sądzicie?,https://i1.jbzd.com.pl/contents/2025/09/normal/GnDx6GJ4z6n5WSAW2yui4mDcXO2TPdho.png
4232014,Dziwny zabieg okoliczności...,https://i1.jbzd.com.pl/contents/2025/09/normal/QzeUoSRHvPDckYHgwGMTpNrPX6Nh4NET.jpg
4232009,Tenis i czapka a raczej mycka.,https://i1.jbzd.com.pl/contents/2025/09/normal/M201mqSOpJZ3lBd1ODwVtdGknTUekF54.jpg
4232007,Pan Paweł nie potrzebował autotune,https://jbzd.com.pl/images/video-age-18.png
4232002,Kradzieje,https://i1.jbzd.com.pl/contents/2025/09/normal/MxaZtQ5Y32jYcYmGfbD5btFDq5CgmZjs.jpg
4232001,...tylko mnie nogi bolą.,https://jbzd.com.pl/images/video-age-18.png
4232000,Paleontologia to moja pasja,https://i1.jbzd.com.pl/contents/2025/09/normal/i1vwueOjoN7YLMF2RFRPwzqgcSURC0m7.jpg
4231995,Niedziela wieczur,https://i1.jbzd.com.pl/contents/2025/09/normal/tX7NqHMUOEwxEIn6tikPe7AFqLnGeUvq.jpg
4231993,"Przepraszamy, kokega się pomylił....",https://i1.jbzd.com.pl/contents/2025/09/normal/j8stZZE6hJE7DkUIV1VusCNwNjKmpA4H.png
4231992,Dokąd ten świat zmierz,https://i1.jbzd.com.pl/contents/2025/09/normal/92jGyUWsPdXR3tIWntoDMnQEz2RATxI9.jpg
4231991,Dzięki!,
4231990,Nie pykło.,https://i1.jbzd.com.pl/contents/2025/09/normal/KkybAVucquJfs7TymEVYluEc5YtDODE0.jpg
4231989,rodzice na pewno są dumni z paulinki,https://i1.jbzd.com.pl/contents/2025/09/normal/TcMM92FkFJErY5JTk7GVc4BNYcIXUWVX.jpg
4231988,Sraka polityczna,https://i1.jbzd.com.pl/contents/2025/09/normal/ee05ercaVPKXh5VWPGT8hUY4DmH3a3eJ.jpg
4231987,Reject modernity...,https://jbzd.com.pl/images/video-age-18.png
4231986,A jednak nie.,https://i1.jbzd.com.pl/contents/2025/09/normal/yRpUACvC8jqlj8zHkgqFL5F6mRTJdAW6.jpg
4231985,Udało sie,https://jbzd.com.pl/images/video-age-0.png
4231984,Są rzeczy niezmienne,https://i1.jbzd.com.pl/contents/2025/09/normal/hE2g5fwKtDIeBDtbpcmYdvKDQzhSMNoM.png
4231982,Suchar Karola,https://i1.jbzd.com.pl/contents/2025/09/normal/YAy1TsZPzGgjftkjcmsTX7UUSgem3u4v.jpg
4231980,żyduchy kłamią? niemożliwe,https://i1.jbzd.com.pl/contents/2025/09/normal/5bzPxmKmRINfw0I72ndzMdzVSoxicCDG.jpg
4231977,To nie był prawdziwy kapitalizm,https://i1.jbzd.com.pl/contents/2025/09/normal/PsNszfaCquFxMAELlJSrDJHLgPjZqC0x.jpg
4231973,gdyby kózka nie skakała to nie mielibyśmy tego pięknego filmiku,https://jbzd.com.pl/images/video-age-18.png
4231971,Bułeczki z piekarnika,https://i1.jbzd.com.pl/contents/2025/09/normal/Ep2oCxGjE4awViJskFsWfbwvz9yQlpx7.jpg
4231970,Baza,https://jbzd.com.pl/images/video-age-18.png
4231969,Szachy,https://i1.jbzd.com.pl/contents/2025/09/normal/fQHjejLwr0LoZJ2eNXkBlYrmZlqyC34r.jpg
4231968,Dobranoc,https://jbzd.com.pl/images/video-age-18.png
4231967,Ciekawostka.,https://i1.jbzd.com.pl/contents/2025/09/normal/4IGPYpbclviRqdIkNafm4VqfqAy7Wzxt.png
4231966,Tytuł,https://i1.jbzd.com.pl/contents/2025/09/normal/D4gkZ1CXQvqNRgvFv8ScrLgtuMkRvFa4.jpg
4231964,Taki wasz obraz,https://i1.jbzd.com.pl/contents/2025/09/normal/dkhuwCWBXLVLJ8AbEsLEa6DQds3pMOyn.jpg
4231962,Biedne zwierze,https://jbzd.com.pl/images/video-age-0.png
4231961,Hollywood Ryj Style,https://i1.jbzd.com.pl/contents/2025/09/normal/eU5hIukXx3EqKUktgbbLuedCJrq6QV5b.jpg
4231959,"Nie gadam z transami , przerzucam się na groka",https://i1.jbzd.com.pl/contents/2025/09/normal/jhzkPTvAmF5YC5YuV230jh2MuJEJrN8r.png
4231958,Broni swojego chłopaka,https://jbzd.com.pl/images/video-age-18.png
4231957,Gortat ty buraku jeden,https://i1.jbzd.com.pl/contents/2025/09/normal/myrapa3JhP4AFBnUX8tITZGgawSJw17J.png
4231955,Łeb do interesów,https://i1.jbzd.com.pl/contents/2025/09/normal/EQlYntoZtuVfSUKaGqKnNWnFCtePjSor.jpg
4231952,Kiedy wyciąga twojego bydlaka po raz pierwszy,https://jbzd.com.pl/images/video-age-0.png
4231950,Grubypedał,https://i1.jbzd.com.pl/contents/2025/09/normal/b6aACC2NVOkhPqAXE6uYk2oRe2qH8SCp.jpg
4231949,wychowałem się w środowisku w którym mówienie o podstawowych pracownikach jako o przygłupach wiązało się ze śmiercią towarzyską.,https://i1.jbzd.com.pl/contents/2025/09/normal/a08GUTdHNosVLfk73HPmtMaa0B3Wx2PX.jpg
4231946,zdesperowane pizdy,https://i1.jbzd.com.pl/contents/2025/09/normal/bSrkj4TccI5mUG8gi3GMO6JSqrieqaya.jpg
4231943,Kuce S03E05 - Magic Duel (Napisy PL),
4231942,"Oni nas lubią, są tacy jak my XDDDDDDDDDDD",https://i1.jbzd.com.pl/contents/2025/09/normal/CtvoxUPYQt5uC2vYx1bEcCSHbU5oeDNI.PNG
4231940,łatwe się trafiło,https://i1.jbzd.com.pl/contents/2025/09/normal/QVpMdvzY7j4rWuDLd7xi3I82UdA1bZbd.jpg
4231938,Rudy pies wyborca tfuska,https://i1.jbzd.com.pl/contents/2025/09/normal/TBdQwRvasbzPkztCw06P739Y8C5gl6rC.jpg
4231936,p0lki pewnie są z siebie dumne,https://i1.jbzd.com.pl/contents/2025/09/normal/WIEGeOADzluwf5HSCD1t7lELApv0zZH3.jpg
4231933,Baby to zoofile,
4231931,Ever,https://i1.jbzd.com.pl/contents/2025/09/normal/3qRsYcTjtLD2ixj3cIgUo5TDseXW5L1j.jpg
4231930,Kiedyś to było,https://i1.jbzd.com.pl/contents/2025/09/normal/W0J2VkGsmboLt3croxKrQSoolZ3RjJo0.jpg
4231928,Czelabiński pitbull,https://jbzd.com.pl/images/video-age-0.png
4231927,Tytul,https://i1.jbzd.com.pl/contents/2025/09/normal/RX7fvw2UnlTWTbu7kJsnl439el6pALO4.jpg
4231926,Jestem gwiazdo Roka,https://i1.jbzd.com.pl/contents/2025/09/normal/hl3TX2JtKm2PPAMfraMP08mbyEF8RXok.jpg
4231924,Nice,https://jbzd.com.pl/images/video-age-18.png
4231922,Tero?,https://i1.jbzd.com.pl/contents/2025/09/normal/NCmjnG8YnX1loft2oJEtbrIoksG0PCRP.jpg
4231921,Francuskie zoo,https://jbzd.com.pl/images/video-age-18.png
4231920,O nie...,
4231919,Podpłomyki z cebulą,https://i1.jbzd.com.pl/contents/2025/09/normal/iciMLAAtocyATTI0WPeRe35WUfI3OqCG.jpg
4231916,Hitchicker? Czy jak tam się pisze. Anyway z fejsa,
4231915,"Jebane, nawet w AI nas prześladujo",https://jbzd.com.pl/images/video-age-18.png
4231914,Bojowe zadania,https://i1.jbzd.com.pl/contents/2025/09/normal/im4A3fA7mLSRWy5J29XJa5ZP0fVDZqkn.jpg
4231913,"Za siebie trzeba się wziąć, spasłe księżniczki. Shrek to tylko bajka, albo film animowany",https://i1.jbzd.com.pl/contents/2025/09/normal/6MtculvVTwjrtujG2mFB4SI9U1rdSWTa.png
4231912,"Pani nagrywa bloga kulinarnego, a tu taki degenerat się trafia",https://jbzd.com.pl/images/video-age-18.png
4231910,Nice,https://i1.jbzd.com.pl/contents/2025/09/normal/2WlF6ywF5sTsqOIMN7l9yFaj0PD29W03.jpg
4231909,Do roboty byś się wzięła a nie,https://jbzd.com.pl/images/video-age-0.png
4231906,Grok AI,https://i1.jbzd.com.pl/contents/2025/09/normal/DCbiWHMeWwSsy7ZSQ87vTYTaqAPQmsVQ.jpg
4231905,Ciekawe co z wakacji przywożą Julki XD,https://i1.jbzd.com.pl/contents/2025/09/normal/F8eNqfZTaKgKpVqTZiVU69n29wgDQuvU.jpg
4231904,"Uważajcie na soje pociechy, dzidki",https://i1.jbzd.com.pl/contents/2025/09/normal/7nJm0aQO2d95P40xuTH8iLRnwdDR5qpO.jpg
4231903,Wolałbym być uczniem tbh,https://i1.jbzd.com.pl/contents/2025/09/normal/3K9zI0exS7qeeDnzmuXX2a0B8FnuhdBX.jpg
4231899,Reklama Volkswagena,https://jbzd.com.pl/images/video-age-0.png
4231895,Ciekawostka,https://i1.jbzd.com.pl/contents/2025/09/normal/wQTrViK1jOZetBH56fpHX7rcgQmtD0Di.jpeg
4231893,Chomik,https://i1.jbzd.com.pl/contents/2025/09/normal/U3fAvoSltgnYZjj9wn9fWpQUr8Lyef2B.jpeg
4231892,Jest moc,https://i1.jbzd.com.pl/contents/2025/09/normal/5gGJhKb5fhgi162ZWx8bmPrgB75czkdA.png
4231891,Coś niespotylanego,
4231889,A tu jeb,https://jbzd.com.pl/images/video-age-18.png
4231887,Następny do deportacji?,
4231886,cwany bo trafiłeś na małego misia,https://jbzd.com.pl/images/video-age-0.png
4231883,Za każdym jebanym razem...,https://i1.jbzd.com.pl/contents/2025/09/normal/7vREE5BWqoZg9vuzcEhCnVpAWBJuRsjs.jpg
4231881,Butloszczochy w przestworzach,
4231879,New skill unlocked,https://i1.jbzd.com.pl/contents/2025/09/normal/O0X6923HlWYPDP6eQbF6DO05n8D8dWDS.jpg
4231877,Zakup auta.,
4231875,Mówił za dużo i stał się niewygodny...,https://jbzd.com.pl/images/video-age-18.png
4231874,Kiciuś,https://i1.jbzd.com.pl/contents/2025/09/normal/1o4KyDtxCBhGbiyT333qGWozvIKPtAhC.jpg
4231873,brawo gdańsk,https://i1.jbzd.com.pl/contents/2025/09/normal/1RI36CaHju4EAsNNPeDtVra8gnic3VEU.png
4231871,Zdejmę szlafroczek,
4231870,tylko pierwsze sekundy..,https://jbzd.com.pl/images/video-age-18.png
4231869,Mmmm kindybał...,https://i1.jbzd.com.pl/contents/2025/09/normal/JEwuDhHcUOfC575VH1NvZYfP6ouGaE5t.jpg
4231866,rasizm w strone bialych,https://i1.jbzd.com.pl/contents/2025/09/normal/qQSTS7XL9vZBDSV1YYgiRUVxUSIkY9LV.png
4231865,"A wy co robicie tak daleko od domu bez wódy i papierosków? Zapraszam, po kolei podchodźcie i pojedynczo. Żebym dwa razy któremu nie polał.",https://jbzd.com.pl/images/video-age-18.png
4231862,Na oddziale bez zmian,https://i1.jbzd.com.pl/contents/2025/09/normal/u5orr1GkiJe5JqH564FsTzBacnsdcHbJ.png
4231861,Grocik z obsydianu,https://i1.jbzd.com.pl/contents/2025/09/normal/uwIOA3ZfjWegV1GYnbtwffVVqoPwzEuA.jpg
4231860,Faryzeusz,https://i1.jbzd.com.pl/contents/2025/09/normal/y12tFp1be33ORCqW4psdPGHCrSfpAWsf.png
4231857,Iphone,
4231855,Coś knują,https://i1.jbzd.com.pl/contents/2025/09/normal/kMBZ4RtjFDEjWk3sKnk596cap0X55len.jpg
4231853,Krul jest dzidowcem!,https://i1.jbzd.com.pl/contents/2025/09/normal/mXL2WmdithZdLjAy9fEnwnxFAaQZdNem.jpg
4231852,Ciekawe,https://jbzd.com.pl/images/video-age-18.png
4231851,Oczekiwania i rzeczywistość.,https://jbzd.com.pl/images/video-age-18.png
4231850,Fajniusio,https://jbzd.com.pl/images/video-age-18.png
4231847,"Ukradłem,  bo nie pilnował",https://i1.jbzd.com.pl/contents/2025/09/normal/MJrSFb9Cmr0wmnpJhUdLmsvDlMaHvfSY.jpg
4231846,"Kto tak nie miał, ten nie wie co to żal.",https://i1.jbzd.com.pl/contents/2025/09/normal/aSqEjxg3iHHwTS0vY0gZjlPtQEk5sy5t.jpg
4231845,Kuhwa wasza mać,
4231843,Co wy lewaki jebane zrobiliście z UK...,https://i1.jbzd.com.pl/contents/2025/09/normal/PoIJx507y5JnB9TJPzci0RQTGaxX0pSz.jpg
4231841,Wujaszek,https://i1.jbzd.com.pl/contents/2025/09/normal/yoxy048qMSsTwdaqoUIdARQJOiC2o49X.png
4231837,"Z okazji rozpoczynającego się roku szkolnego - oś czasu, epoki historyczne",https://i1.jbzd.com.pl/contents/2025/09/normal/44O0VGoqOjN1NFk3jCoQhKDILlCuzmxz.jpg
4231836,Tak było,https://i1.jbzd.com.pl/contents/2025/09/normal/V3xDCHgDDQc0tKwo1fP07AsWwyxSpz97.jpg
4231835,Nie jestem brzydki. Słodko jem jabłuszko.,https://jbzd.com.pl/images/video-age-18.png
4231832,"Pół księżyca, drugie pół schowane za Dorotą Weltmeister",https://i1.jbzd.com.pl/contents/2025/09/normal/s4oCRsIFlMVO6RLw8ZeTIdLOWSaWq5nX.jpg
4231831,Tak jeszcze nie paliłeś leszczu XD,https://jbzd.com.pl/images/video-age-18.png
4231830,"""skurwysyny żydzi Hitler ich za mało spalił""",https://i1.jbzd.com.pl/contents/2025/09/normal/6VmnwEt0S9K1C5e2LS4DD6w1FmNx0Eh1.jpg
4231829,archwium: traktor tom,https://i1.jbzd.com.pl/contents/2025/09/normal/iOpcZb4keMKdnZalZ8qLC9EBLtJ56dGp.jpg
4231828,"kolacja bo musze chleb tostowy wyjeść, od jutra nie ruszam pieczywka",https://i1.jbzd.com.pl/contents/2025/09/normal/2gUHFbUEJ2FzNSOmUHnJZ1v2IWIVl9C8.jpg
4231827,Stare gry vs win11,
4231826,nie chco mnie a ja taki dobry chłop jestem,https://i1.jbzd.com.pl/contents/2025/09/normal/DSY4h53g4155rqaSLiht7J7T8AKpelqF.jpg
4231824,Poprawiłem,https://i1.jbzd.com.pl/contents/2025/09/normal/uEHcLS0uC15huAJPuMOIaIUkpfJhAOyK.png
4231823,skurwysyny,https://i1.jbzd.com.pl/contents/2025/09/normal/R5IBpAMBCt9Yn6PMhQwDJKfJWHbW7rJ0.jpg
4231820,To dobry zestaw PC w tej cenie?,
4231819,Racja to patola,https://i1.jbzd.com.pl/contents/2025/09/normal/w6ffTGJ1uk4jHPke5aIqquZyWhHngGME.png
4231818,"Nie było ciastek, więc kupiłem zaprawę murarską.",https://i1.jbzd.com.pl/contents/2025/09/normal/B1RY94vwA8iMV8nBA6jI2vCUiSaTZTZH.jpg
